categoria,codigo,nombre,precio,costo,existencia_maestro,existencia_inicial,codigo_barras,ultima_venta,nota
Cervezas,4014086096518,5.0 ORIGINAL CRAFT BEER 500ML,175.00,92.0000,162.00,162.00,4014086096518,2026-09-09,
Cervezas,4014086096365,5.0 ORIGINAL NEGRA,175.00,92.0000,62.00,62.00,4014086096365,2026-09-09,
Cervezas,4014086096303,5.0 ORIGINAL WEISS LATA 500 ML,175.00,92.0000,81.00,81.00,4014086096303,2026-09-14,
Cervezas,4014086096334,5.0 ORIINAL LAGER BEER 500ML,175.00,92.0000,57.00,57.00,4014086096334,2026-09-05,
Cervezas,4014086090370,9.0 ORIGINAL,225.00,121.8220,25.00,25.00,4014086090370,2026-09-13,
Cervezas,08787337,BLUE MOON,210.00,118.5415,81.00,81.00,08787337,2026-09-14,
Cervezas,74628711,BOHEMIA ESPECIAL GRANDE 650ML,185.00,111.0000,7.00,7.00,74628711,2026-09-13,
Cervezas,74618903,BOHEMIA ESPECIAL PEQUEÑA 355ML,130.00,82.3788,0.00,0.00,74618903,2026-09-03,
Cervezas,4260182148990,BRUDER HEFEWEIZEN,165.00,97.8333,16.00,16.00,4260182148990,2026-09-11,
Cervezas,4260182149003,BRUDER LAGER,165.00,97.8333,34.00,34.00,4260182149003,2026-09-13,
Cervezas,57089256,CARLSBERG PILSNER,165.00,73.6632,72.00,72.00,57089256,2025-11-23,
Cervezas,737186598624,CER.PONTE EN CUATRO.330.M.L,265.00,149.0200,18.00,18.00,737186598624,2026-08-23,
Cervezas,75031589,CERVEZA MODELO NEGRA,180.00,113.0000,60.00,60.00,75031589,2026-09-13,
Cervezas,08780936,COORS GOLDEN BEER,185.00,0.0000,28.00,28.00,08780936,2026-09-14,costo 1.00 de relleno en el sistema anterior: entra sin costo
Cervezas,08780538,COORS LIGHT 10OZ,100.00,59.2083,24.00,24.00,08780538,2026-09-13,
Cervezas,071990320003,COORS LIGHT 16 OZ,165.00,88.1666,62.00,62.00,071990320003,2026-09-12,
Cervezas,07199044,COORS LIGHT BOTELLA 355.ML,175.00,95.3333,73.00,73.00,07199044,2026-08-31,
Cervezas,071990300364,COORS LIGHT BOTELLA GRANDE,210.00,123.6000,65.00,65.00,071990300364,2026-09-11,
Cervezas,7503034941200,CORONA 355.M.L.21/8/2026,180.00,102.4011,394.00,394.00,7503034941200,2026-09-15,
Cervezas,7503034941217,CORONITA 210.ML,120.00,65.0000,46.00,46.00,7503034941217,2026-09-12,
Cervezas,3119780264537,DESPERADOS MOJITO,200.00,112.7500,1.00,1.00,3119780264537,2025-12-11,
Cervezas,3119783007483,DESPERADOS ORIGINAL,210.00,115.2500,0.00,0.00,3119783007483,2026-09-15,
Cervezas,3119783007513,DESPERADOS RED,210.00,115.2500,3.00,3.00,3119783007513,2026-09-14,
Cervezas,072311130110,DOS EQUIS AMBAR,100.00,0.0000,0.00,0.00,072311130110,2025-12-12,costo 1.00 de relleno en el sistema anterior: entra sin costo
Cervezas,5411681014005,DUVEL,280.00,169.4166,7.00,7.00,5411681014005,2026-07-21,
Cervezas,4002103248286,ERDINGER ALKOHOLFREI,200.00,112.6412,0.00,0.00,4002103248286,2025-12-23,
Cervezas,4002103294917,ERDINGER COMBO WEISSB+DUNKEL+VASO,780.00,425.0000,0.00,0.00,4002103294917,2025-12-17,
Cervezas,4002103248262,ERDINGER DUNKEL,300.00,167.3728,0.00,0.00,4002103248262,2026-08-29,
Cervezas,4002103248323,ERDINGER PIKANTUS,360.00,197.7401,27.00,27.00,4002103248323,2026-09-13,
Cervezas,4002103248248,ERDINGER WEIBBIER,270.00,165.9604,17.00,17.00,4002103248248,2026-09-06,
Cervezas,072890006196,HEINEKEN PEQ 00 SIN ALCOHOL,185.00,105.9166,22.00,22.00,072890006196,2026-09-14,
Cervezas,072890004994,HEINEKEN PEQ.,195.00,109.7916,88.00,88.00,072890004994,2026-09-15,
Cervezas,5410228146162,LEFFE BRUNE BRUIN,180.00,108.8900,-4.00,0.00,5410228146162,2026-01-11,
Cervezas,5410228142089,LEFFE CERVEZA BLONDE,180.00,108.0000,5.00,5.00,5410228142089,2026-01-11,
Cervezas,5411681035000,MAREDSOUS 6 BLOND BOT 330.M.L,300.00,176.2083,15.00,15.00,5411681035000,2026-08-01,
Cervezas,7422110104967,MICHELOB ULTRA,140.00,82.3700,153.00,153.00,7422110104967,2026-09-14,
Cervezas,01834622,MICHELOB ULTRA. LATA .10.OZ,125.00,75.4795,1.00,1.00,01834622,2026-07-29,
Cervezas,03456217,MILLER 355 P,185.00,102.4166,108.00,108.00,03456217,2026-09-14,
Cervezas,034100005696,MILLER BOTELLA 22ONZA,250.00,137.0000,44.00,44.00,034100005696,2026-09-13,
Cervezas,034100005610,MILLER LATA 473.M.L,150.00,90.7916,13.00,13.00,034100005610,2026-05-04,
Cervezas,75031602,MODELO ESPECIAL PABLO DIER,175.00,99.7528,65.00,65.00,75031602,2026-09-15,
Cervezas,74601127,ONE CERVEZA GDE. 650ML,190.00,108.5805,216.00,216.00,74601127,2026-09-14,
Cervezas,7463172803689,ONE CERVEZA LATA 16.OZ,125.00,72.0300,11.00,11.00,7463172803689,2026-09-11,
Cervezas,74601325,ONE CERVEZA PEQ.,135.00,75.9180,533.00,533.00,74601325,2026-09-15,
Cervezas,3110,ONE LATA 3X1,110.00,55.8000,-7.00,0.00,,2026-04-05,
Cervezas, 4014086090370,ORIGINAL 9.0,200.00,121.4600,19.00,19.00,,2025-10-25,código con espacio; sin él es el de 9.0 ORIGINAL: va sin código de barras
Cervezas,4101120015106,PADERBORNER PILSENER,100.00,58.0000,-16.00,0.00,4101120015106,2026-04-07,
Cervezas,4066600303336,PAULANER DUNKEL,280.00,169.9152,5.00,5.00,4066600303336,2026-09-13,
Cervezas,4066600060741,PAULANER TRIGO RUBIA,300.00,169.9152,20.00,20.00,4066600060741,2026-09-13,
Cervezas,74601561,PRESIDENTE LIGHT 650 ML,220.00,121.8220,555.00,555.00,74601561,2026-09-15,
Cervezas,7463172803665,PRESIDENTE LIGHT LATA 16.OZ,145.00,85.4500,40.00,40.00,7463172803665,2026-07-22,
Cervezas,74621774,PRESIDENTE LIGHT PEQ.,150.00,84.0000,352.00,352.00,74621774,2026-09-15,
Cervezas,74601554,PRESIDENTE NORMAL 650ML,220.00,121.8220,553.00,553.00,74601554,2026-09-15,
Cervezas,74621767,PRESIDENTE NORMAL PEQ.,150.00,84.7500,377.00,377.00,74621767,2026-09-15,
Cervezas,7463172803672,PRESIDENTE ORIGINAL LATA 16.OZ,145.00,85.4500,35.00,35.00,7463172803672,2026-09-12,
Cervezas,75001629,SOL CERVEZA,125.00,60.4110,0.00,0.00,75001629,2026-08-06,
Cervezas,7501064199141,STELLA ARTOIS,195.00,112.9943,57.00,57.00,7501064199141,2026-09-12,
Licores,080432402665,1000PIPERS SCOTCH WHISKY,850.00,504.5400,0.00,0.00,080432402665,2026-09-10,
Licores,7312040017591,ABSOLUT VODKA 375ML,850.00,502.1200,0.00,0.00,7312040017591,2025-11-14,
Licores,080480355401,BACARDI LIMON 75CL,440.00,290.0000,1.00,1.00,080480355401,2016-07-03,
Licores,080480400026,BACARDI-ORANGE RUM 75ML,440.00,290.0000,1.00,1.00,080480400026,,
Licores,5011013100194,BAILEYS THE ORIGINAL 375ML,990.00,589.8305,5.00,5.00,5011013100194,2026-03-22,
Licores,5011013100132,BAILEYS THE ORIGINAL 750ML,1850.00,1072.0000,6.00,6.00,5011013100132,2026-04-24,
Licores,080432001882,BALLANTINES AGED 10 YEARS,1300.00,0.0000,0.00,0.00,080432001882,2025-12-05,costo 1.00 de relleno en el sistema anterior: entra sin costo
Licores,7461323129237,BARCELO AÑEJO 700 ML,665.00,403.1100,1.00,1.00,7461323129237,2023-05-06,
Licores,7461323129350,BARCELO GRAN AÑEJO 700L,800.00,450.0000,5.00,5.00,7461323129350,2026-09-08,
Licores,7461323129336,BERCELO ORGANIC,900.00,546.5000,1.00,1.00,7461323129336,,
Licores,7460522300478,BERMUDEZ GINEBRA 350ML,525.00,291.0000,0.00,0.00,7460522300478,2025-10-12,
Licores,7460855233498,BRUGAL DOBLE RESERVA,1310.00,723.8700,18.00,18.00,7460855233498,2026-09-14,
Licores,7460855238967,BRUGAL DOBLE RESERVA.350.M.L,800.00,383.0508,-1.00,0.00,7460855238967,2026-05-26,
Licores,7460855234990,BRUGAL EXTRA VIEJO 700.ML,985.00,522.5988,5.00,5.00,7460855234990,2026-09-07,
Licores,7460855234983,BRUGAL EXTRA VIEJO PEQ. 350.ML,550.00,264.8305,23.00,23.00,7460855234983,2026-09-13,
Licores,7460855208694,BRUGAL LEYENDA AZUL .700 ML,2200.00,1033.8983,2.00,2.00,7460855208694,2026-09-15,
Licores,7460855237991,BRUGAL LEYENDA DORADO,2450.00,1313.5593,4.00,4.00,7460855237991,2026-07-23,
Licores,7460855233269,BRUGAL LEYENDA NEGRO,2200.00,1140.0700,2.00,2.00,7460855233269,2025-11-26,
Licores,7460855238066,BRUGAL TRIPLE RESERVA 700.ML,1460.00,822.0338,14.00,14.00,7460855238066,2026-09-07,
Licores,7460855235263,BRUGAL XV,560.00,303.4957,24.00,24.00,7460855235263,2026-09-11,
Licores,7460855235270,BRUGAL XV 700.ML,1075.00,563.5593,10.00,10.00,7460855235270,2026-08-29,
Licores,5000196003774,BUCHANANS MASTER,4900.00,2750.0000,4.00,4.00,5000196003774,2025-11-27,
Licores,50196388,BUCHANANS WISKY 12 ANOS,3600.00,2042.3728,4.00,4.00,50196388,2026-06-28,
Licores,7462324240211,CAYMAN BLUE VODKA 700 ML.,700.00,467.8010,3.00,3.00,7462324240211,2026-05-02,
Licores,080432400340,CHIVAS REGAL 12 AÑOS MINI,330.00,175.5000,6.00,6.00,080432400340,2026-09-03,
Licores,080432400395,CHIVAS REGAL 12AÑOS,3500.00,1833.0000,4.00,4.00,080432400395,2026-09-11,
Licores,5000299225028,CHIVAS REGAL 18 AÑOS,8500.00,4500.0000,1.00,1.00,5000299225028,2026-06-21,
Licores,080432400388,CHIVAS REGAL WHISKY 375ML.,1650.00,974.2900,0.00,0.00,080432400388,2025-11-15,
Licores,080480230074,DEWARS WHITE LABEL DISPLACE,190.00,103.0000,0.00,0.00,080480230074,2026-06-12,
Licores,674545000858,DON JULIO TEQUILA REPOSADO 1942,8500.00,4500.0000,3.00,3.00,674545000858,,
Licores,088004144708,FIREBALL MINI,225.00,100.0000,32.00,32.00,088004144708,2026-09-13,
Licores,7467303621524,GINEBRA BAYAHIBE,210.00,95.0000,1.00,1.00,7467303621524,2025-03-23,
Licores,5010677715003,GINEBRA BOMBAY,3200.00,1397.0000,1.00,1.00,5010677715003,2025-10-10,
Licores,7460522300461,GINEBRA LONDON DRY GIN BERMUDEZ,1050.00,560.0000,0.00,0.00,7460522300461,2026-07-18,
Licores,7462324252528,GITANO 18 700ML,225.00,126.7100,9.00,9.00,7462324252528,2025-10-02,
Licores,5000281003160,GRAND OLD PAR 12 ANOS,3400.00,1624.3000,6.00,6.00,5000281003160,2026-08-09,
Licores,3245999484319,HENNESY.V.S.O.P.,9300.00,5000.0000,3.00,3.00,3245999484319,,
Licores,5000267197630,JHONNIE WALKER RESERVE NUEVO 750.M.L,5750.00,2682.2033,5.00,5.00,5000267197630,2026-08-24,
Licores,5000267096261,JOHNNIE NEGRO MINIATURA,460.00,274.7100,12.00,12.00,5000267096261,2026-03-29,
Licores,5000267165806,JOHNNIE WALKER 18 AÑOS,13000.00,5368.6440,3.00,3.00,5000267165806,2026-08-19,
Licores,5000267024608,JOHNNIE WALKER BLACK LABE 375,2100.00,1143.2203,1.00,1.00,5000267024608,2026-02-12,
Licores,08911108,JOHNNIE WALKER BLACK LABEL 50.ML,550.00,211.8644,4.00,4.00,08911108,2026-08-30,
Licores,5000267190150,JOHNNIE WALKER BLACK LABEL 750ML,3800.00,1796.6101,7.00,7.00,5000267190150,2026-09-06,
Licores,5000267116419,JOHNNIE WALKER DOUBLE BLACK,4750.00,2521.1864,3.00,3.00,5000267116419,2026-07-30,
Licores,5000267014203,JOHNNIE WARKER RED 700ML,1850.00,867.8000,6.00,6.00,5000267014203,2026-03-14,
Licores,7610594253121,KAHLUA LIQUEUR,910.00,425.0000,4.00,4.00,7610594253121,,
Licores,7460736905469,"KING,S PRIDE.KANEL",240.00,133.3333,53.00,53.00,7460736905469,2026-09-13,
Licores,7460522300546,KINGS LABEL CHATA 350 ML,420.00,233.8963,11.00,11.00,7460522300546,2026-08-26,
Licores,7460522300829,KINGS LABEL NEGRO LITRO,1100.00,607.9700,3.00,3.00,7460522300829,2021-10-16,
Licores,7461592130576,LEGADO EL CABALLO MAYOR,4050.00,2436.0000,1.00,1.00,7461592130576,2023-05-30,
Licores,7467452220920,LICOR AGRICOLA GROG AGUARDIENTE,125.00,86.5100,-1.00,0.00,7467452220920,2026-04-01,
Licores,7467452220579,LICOR AGRICOLA GROG MAMA JUANA,125.00,86.0000,-2.00,0.00,7467452220579,2026-04-01,
Licores,7460736910029,MACK ALBERT 350ML,490.00,292.0000,15.00,15.00,7460736910029,2026-09-06,
Licores,7460736950902,MACORIX BLANC 750 ML.,450.00,259.6685,2.00,2.00,7460736950902,2026-06-06,
Licores,7460736950926,MACORIX BLANCO 375 ML,230.00,146.6900,1.00,1.00,7460736950926,2022-06-18,
Licores,7460736950919,MACORIX GOLD RON DORADO,445.00,259.4111,0.00,0.00,7460736950919,2026-01-31,
Licores,7460736902062,MACORIX REBEL 350ML,240.00,153.8000,1.00,1.00,7460736902062,2024-06-30,
Licores,658325189155,MAMAJUANA BACANAL 700.ML,650.00,389.6200,2.00,2.00,658325189155,2026-07-28,
Licores,737186232610,MAMAJUANA BACANAL.175.ML,200.00,114.0000,0.00,0.00,737186232610,2025-09-18,
Licores,7462324240655,PONCHE BORDAS PRIMIUM CAFE,900.00,531.7800,0.00,0.00,7462324240655,2025-12-24,
Licores,7462324240648,PONCHE BORDAS PRIMIUN 700ML,900.00,531.7800,2.00,2.00,7462324240648,2025-08-09,
Licores,7467303623481,RED RUSSIA VOCKA BLUEBERRY 750ML,250.00,166.0000,1.00,1.00,7467303623481,,
Licores,7461592130118,RIPIAO ULTRA PREMIUN,3500.00,1466.0000,0.00,0.00,7461592130118,2026-05-28,
Licores,7467325360111,RON SIBONEY BLANCO 700ML,490.00,293.7300,1.00,1.00,7467325360111,,
Licores,7467325360012,RON SIBONEY GRAN RESERVA 700ML,600.00,363.0700,1.00,1.00,7467325360012,,
Licores,3012993057012,SCARLETT DARK 750 ML,1100.00,624.4400,2.00,2.00,3012993057012,2026-08-08,
Licores,3012993069800,SCARLETT GOLD,1025.00,615.9300,0.00,0.00,3012993069800,2026-08-08,
Licores,5000299280140,SOMETHING SPECIAL 355 CL,700.00,371.9000,3.00,3.00,5000299280140,2026-08-30,
Licores,080432402795,SOMETHING SPECIAL SCOTCH WHISKY,1450.00,817.9200,6.00,6.00,080432402795,2025-06-01,
Licores,4750021000041,STOLI VODKA 375 M.L,900.00,529.9600,-2.00,0.00,4750021000041,2026-09-06,
Licores,4750021000157,STOLICHNAYA VODKA.750 ML.,1650.00,790.9604,13.00,13.00,4750021000157,2026-09-14,
Licores,744607010405,TEQUILA HERRADURA.50.M.L,350.00,196.3300,0.00,0.00,744607010405,2025-12-16,
Licores,619947000068,"TITO,S HANDMADE VODKA. 50.M.L",320.00,167.0197,1.00,1.00,619947000068,2026-06-14,
Licores,619947000051,"TITO,S,HANDMADE VODKA 375.M.L",1300.00,719.3050,6.00,6.00,619947000051,2026-01-16,
Licores,619947000020,TITOS HAND MADE VODKA.750.M.L,2100.00,1153.3898,5.00,5.00,619947000020,2026-06-14,
Licores,088004146689,WHISKY FIREBALL GD,2200.00,1129.9434,3.00,3.00,088004146689,2026-09-12,
Licores,7460522300539,WHISKY KING'S LABEL 700ML,800.00,445.0000,0.00,0.00,7460522300539,2026-08-29,
Vinos y espumantes,012354004290,19 CRIMENES CALI RED,2350.00,1364.9100,8.00,8.00,012354004290,2026-05-11,
Vinos y espumantes,012354005006,19 CRIMENES CALI ROSE,1950.00,1020.3437,0.00,0.00,012354005006,2025-12-24,
Vinos y espumantes,012354001930,19 CRIMENES THE UPRISING,1900.00,1080.5084,1.00,1.00,012354001930,2026-04-05,
Vinos y espumantes,012354000995,19 CRIMES,1900.00,1020.3400,0.00,0.00,012354000995,2026-01-25,
Vinos y espumantes,012354009127,19 CRIMES RED BLEND,2350.00,1364.9100,11.00,11.00,012354009127,2026-08-05,
Vinos y espumantes,012354001688,19 CRIMES THE BANISSHED 750ML,1950.00,1080.5084,2.00,2.00,012354001688,2026-06-22,
Vinos y espumantes,1015,50 SFUMATURE PASSERINA ESPUMANTE,950.00,520.0000,0.00,0.00,,2025-11-07,
Vinos y espumantes,085000001882,CARLO ROSSI RED 750ML,600.00,315.0000,1.00,1.00,085000001882,2026-08-10,
Vinos y espumantes,085000001875,CARLO ROSSI ROSADO,600.00,315.0000,7.00,7.00,085000001875,2026-09-08,
Vinos y espumantes,085000029879,CARLOS ROSSI DARK,600.00,315.0000,2.00,2.00,085000029879,2026-08-20,
Vinos y espumantes,085000022030,CARLOS ROSSI FRUITY RED,600.00,315.0000,6.00,6.00,085000022030,2026-08-19,
Vinos y espumantes,607054112019,CULITOS CABERNET MERLOT,1100.00,533.8983,4.00,4.00,607054112019,2026-07-27,
Vinos y espumantes,607054190239,CULITOS CABERNET SAUVIGNON 100%,1100.00,533.8983,-2.00,0.00,607054190239,2026-08-11,
Vinos y espumantes,607054110176,CULITOS MERLOT,1100.00,533.8983,4.00,4.00,607054110176,2025-12-05,
Vinos y espumantes,607054190277,CULITOS SUPERIOR,1100.00,533.8983,3.00,3.00,607054190277,2024-10-04,
Vinos y espumantes,742832183314,EL JEFE VINO TINTO,250.00,150.0000,1.00,1.00,742832183314,,
Vinos y espumantes,1013,FORTUNA BLUE EDITION,950.00,520.0000,2.00,2.00,,2026-08-18,
Vinos y espumantes,3500610096662,JP.CHENET ICE EDITION BLANCO,500.00,300.0000,0.00,0.00,3500610096662,2026-07-17,
Vinos y espumantes,3500610096655,JP.CHENET ICE EDITION ROSA,500.00,300.0000,1.00,1.00,3500610096655,2026-08-16,
Vinos y espumantes,7467303622026,"LA BENEDICTA-SIDRA 1,050ML",225.00,0.0000,-1.00,0.00,7467303622026,2026-02-18,costo 1.00 de relleno en el sistema anterior: entra sin costo; el sistema anterior le cobraba ITBIS 0%; entra al 18% incluido
Vinos y espumantes,7467303621494,LA BENEDICTA-SIDRA 355 ML,195.00,95.3389,163.00,163.00,7467303621494,2026-09-14,
Vinos y espumantes,7460736908507,MARQUEZ DE SITCHES SAUV-BLANCO 750ML,150.00,100.0000,3.00,3.00,7460736908507,2015-02-13,
Vinos y espumantes,664486040020,TORREORIA CAVA BRUT,700.00,381.2300,1.00,1.00,664486040020,2017-08-04,
Vinos y espumantes,082734416357,VINO TENTA SAUVG BLANC,750.00,289.5000,0.00,0.00,082734416357,2026-06-27,
Vinos y espumantes,051497322618,VINO TINTO 689,1950.00,1199.1525,8.00,8.00,051497322618,2026-04-27,
Premix y cócteles,1210000107602,BUZZ BALK BERRY CHERRY LIMEADE,275.00,160.0000,0.00,0.00,1210000107602,2026-08-28,
Premix y cócteles,7401000709291,KARMA PIÑA COLADA,145.00,82.0000,0.00,0.00,7401000709291,2025-11-16,
Premix y cócteles,5904941750404,MOJITO JAVAPAY,225.00,136.0000,5.00,5.00,5904941750404,2026-05-17,
Premix y cócteles,082000803317,SMIRNOFF ICE BLUE RASPBERRY,225.00,100.6355,21.00,21.00,082000803317,2026-09-14,
Premix y cócteles,082000727477,SMIRNOFF ICE GREEN APPLE,225.00,100.6355,119.00,119.00,082000727477,2026-09-14,
Premix y cócteles,082000723844,SMIRNOFF ORIGINAL,225.00,100.6355,59.00,59.00,082000723844,2026-09-14,
Premix y cócteles,082000789727,SMIRNOFF RASPBERRY,225.00,100.6355,89.00,89.00,082000789727,2026-09-13,
Premix y cócteles,635985800095,WHITE CLAW,190.00,110.0000,-6.00,0.00,635985800095,2026-04-18,
Premix y cócteles,635985500018,WHITE CLAW HARD SELZER BLACK CHERRY,175.00,102.6700,7.00,7.00,635985500018,2026-04-18,
Refrescos y energizantes,7463172803856,911 ENERGISANTE 16 ONZ,65.00,36.0000,43.00,43.00,7463172803856,2026-09-14,
Refrescos y energizantes,7465383000321,AGUA TONICA CANADA DRY 20 OZ,45.00,25.0700,-1.00,0.00,7465383000321,2026-09-13,
Refrescos y energizantes,7462693276002,AQUALIT CEREZA 500.M.L,150.00,0.0000,-1.00,0.00,7462693276002,2026-05-24,costo 1.00 de relleno en el sistema anterior: entra sin costo
Refrescos y energizantes,7462693276026,AQUALIT FRUIT PUNCH,170.00,118.2200,0.00,0.00,7462693276026,2026-05-17,
Refrescos y energizantes,7462693276019,AQUALIT LIMA LIMON,150.00,118.2200,0.00,0.00,7462693276019,2026-05-08,
Refrescos y energizantes,07811102,CANADA DRY BLACK BERRIES 335.ML,65.00,41.0000,-2.00,0.00,07811102,2026-08-27,
Refrescos y energizantes,07844508,CANADA DRY CHERRY GINGER ALE 355.M.L,60.00,41.0000,23.00,23.00,07844508,2026-09-14,
Refrescos y energizantes,7465383000307,CANADA DRY CLUB SODA 400 ML.,40.00,22.1750,190.00,190.00,7465383000307,2026-09-15,
Refrescos y energizantes,07813401,CANADA DRY CRANBERRIES 335.ML,70.00,41.0000,31.00,31.00,07813401,2026-08-26,
Refrescos y energizantes,07811403,CANADA DRY GINGER ALE LATA,70.00,41.0810,89.00,89.00,07811403,2026-09-14,
Refrescos y energizantes,07811801,CANADA DRY ZERO SUGAR.355.ML,70.00,41.0000,-20.00,0.00,07811801,2026-09-03,
Refrescos y energizantes,07846001,CANADA-DRY STRAWERRY,70.00,41.3133,6.00,6.00,07846001,2026-06-02,
Refrescos y energizantes,07813207,CANADADRY CRANBERRY,70.00,41.0000,0.00,0.00,07813207,2026-08-28,
Refrescos y energizantes,7465385000343,CANADRA DRY AGUA TONICA,40.00,25.0700,-6.00,0.00,7465385000343,2026-06-01,
Refrescos y energizantes,049000081428,COCA COLA 2L,110.00,63.5593,16.00,16.00,049000081428,2026-09-15,
Refrescos y energizantes,049000057638,COCA COLA 400 ML,40.00,21.1866,90.00,90.00,049000057638,2026-09-15,
Refrescos y energizantes,049000071993,COCA COLA ZERO 400.M.L,40.00,21.1864,21.00,21.00,049000071993,2026-08-04,
Refrescos y energizantes,049000000443,COCA COLA20 ONZ,60.00,32.2741,66.00,66.00,049000000443,2026-09-11,
Refrescos y energizantes,7467003480339,COCO RICO 20 ONZ,45.00,17.3450,-2.00,0.00,7467003480339,2026-05-20,
Refrescos y energizantes,7463172803818,COCO RICO 400. ML,45.00,26.2500,17.00,17.00,7463172803818,2026-07-18,
Refrescos y energizantes,049000057676,COUNTRY CLUB FRABUESA 400 ML,30.00,17.2316,87.00,87.00,049000057676,2026-09-12,
Refrescos y energizantes,7465383000055,COUNTRY CLUB FRABUESA DOBLE LITRO,110.00,63.5593,0.00,0.00,7465383000055,2026-08-27,
Refrescos y energizantes,7465383000062,COUNTRY CLUB MERENGUE 2000 ML.,110.00,63.5593,0.00,0.00,7465383000062,2026-09-09,
Refrescos y energizantes,049000057669,COUNTRY CLUB MERENGUE 400 ML,30.00,17.2316,73.00,73.00,049000057669,2026-09-15,
Refrescos y energizantes,049000547870,COUNTRY CLUB PIÑA 400.M.L,30.00,17.2316,0.00,0.00,049000547870,2026-05-05,
Refrescos y energizantes,049000057683,COUNTRY CLUB UVA 400 ML,30.00,17.2316,18.00,18.00,049000057683,2026-09-15,
Refrescos y energizantes,07831504,DR PEPPER 23. 355.ML,95.00,56.0000,-26.00,0.00,07831504,2025-12-30,
Refrescos y energizantes,07895308,DR PEPPER C HERRY.355.ML,95.00,52.5000,27.00,27.00,07895308,2026-01-09,
Refrescos y energizantes,7463172803733,ENRRIQUILLO AGUA TONICA,35.00,20.6700,-11.00,0.00,7463172803733,2026-06-17,
Refrescos y energizantes,7463172803726,ENRRIQUILLO CLUB SODA 400ML,40.00,22.0500,18.00,18.00,7463172803726,2026-08-23,
Refrescos y energizantes,7463172802613,EXTRATO DE MALTA,80.00,47.0000,-22.00,0.00,7463172802613,2026-09-14,
Refrescos y energizantes,049000550412,FANTA NARANJA 400ML,30.00,17.2316,83.00,83.00,049000550412,2026-09-15,
Refrescos y energizantes,7460548000130,GATORADE COOL BLUE 600ML,70.00,36.7000,38.00,38.00,7460548000130,2026-09-13,
Refrescos y energizantes,7460548002660,GATORADE FRESANDIA.600.M.L,70.00,36.7000,-1.00,0.00,7460548002660,2026-08-27,
Refrescos y energizantes,7460548000154,GATORADE FRUIT PUNCH DC 600.M.L,70.00,36.7000,57.00,57.00,7460548000154,2026-09-15,
Refrescos y energizantes,7460548000178,GATORADE LEMON LIME 600.M.L,70.00,36.7000,22.00,22.00,7460548000178,2026-09-14,
Refrescos y energizantes,7460548000147,GATORADE MELON,70.00,36.7000,9.00,9.00,7460548000147,2026-08-23,
Refrescos y energizantes,7460548000185,GATORADE ORANGE 600ML,70.00,36.7000,17.00,17.00,7460548000185,2026-09-15,
Refrescos y energizantes,7460548000161,GATORADE UVAS 600ML,70.00,36.7000,24.00,24.00,7460548000161,2026-09-15,
Refrescos y energizantes,7460548002134,GATORADE ZERO FRUTOS ROJOS 500.ML,70.00,28.8900,4.00,4.00,7460548002134,2026-09-02,
Refrescos y energizantes,7460548002127,GATORADE ZERO SPORT CAR BERRY BLUE,70.00,28.8900,-3.00,0.00,7460548002127,2026-04-18,
Refrescos y energizantes,7460548002158,GATORLIT COCO 591.M.L,120.00,45.4000,11.00,11.00,7460548002158,2026-09-08,
Refrescos y energizantes,7460548002189,GATORLIT FRESA KIWI,125.00,45.4000,20.00,20.00,7460548002189,2026-09-15,
Refrescos y energizantes,7460548002141,GATORLIT MORAS 591.M.L,120.00,45.4000,13.00,13.00,7460548002141,2026-09-14,
Refrescos y energizantes,7460548002172,GATORLIT NARANJA 591.M.L,120.00,45.4000,16.00,16.00,7460548002172,2026-09-06,
Refrescos y energizantes,7460548002165,GATORLIT UVA 591.M.L,120.00,45.4000,17.00,17.00,7460548002165,2026-09-15,
Refrescos y energizantes,052000047912,GATORLYTE FRESA KIWI 591.ML,130.00,71.7100,-29.00,0.00,052000047912,2026-03-08,
Refrescos y energizantes,052000050820,GATORLYTE MIXED BERRY 591.M.L,125.00,71.7100,0.00,0.00,052000050820,2026-01-12,
Refrescos y energizantes,052000047905,GATORLYTE NARANJA 591ML,130.00,45.4000,22.00,22.00,052000047905,2026-03-29,
Refrescos y energizantes,051228637677,HATUEY -SODA,15.00,6.1000,32.00,32.00,051228637677,2026-09-14,
Refrescos y energizantes,74603640,MABI AREITO 355.ML,60.00,36.3700,-30.00,0.00,74603640,2026-09-09,
Refrescos y energizantes,74601998,MALTA INDIA GDE,55.00,32.5900,-38.00,0.00,74601998,2026-08-15,
Refrescos y energizantes,74601356,MALTA INDIA PEQ. 207 ML,40.00,23.2300,-21.00,0.00,74601356,2026-08-21,
Refrescos y energizantes,74601769,MALTA MORENA 8 OZ. PLASTICO,40.00,23.8040,2.00,2.00,74601769,2025-09-28,
Refrescos y energizantes,74650309,MALTA MORENA MED. 355.ML,60.00,34.0100,8.00,8.00,74650309,2026-09-15,
Refrescos y energizantes,070847029106,MONSTER ENERGY 16 OZ,165.00,84.7457,19.00,19.00,070847029106,2026-09-14,
Refrescos y energizantes,070847893110,MONSTER ENERGY JUGO MANGO LOCO 16.OZ,220.00,127.1186,0.00,0.00,070847893110,2026-03-21,
Refrescos y energizantes,070847891727,MONSTER ENERGY ULTRA CERO AZUCAR,150.00,84.7457,-1.00,0.00,070847891727,2026-06-03,
Refrescos y energizantes,070847897095,MONSTER PIPELINE PUNCH,150.00,84.7500,0.00,0.00,070847897095,2026-06-05,
Refrescos y energizantes,7463172803290,PEPSI BLAX 400M,25.00,10.3900,26.00,26.00,7463172803290,2025-10-09,
Refrescos y energizantes,7463172802750,RED ROCK 20 ONZ,25.00,13.8700,-3.00,0.00,7463172802750,2026-06-15,
Refrescos y energizantes,7463172803467,RED ROCK FRAMBUESA 400ML.,30.00,14.8333,1.00,1.00,7463172803467,2026-04-29,
Refrescos y energizantes,7468973201160,RED ROCK FRAMBUESA DOBLE LITRO,100.00,60.0300,0.00,0.00,7468973201160,2026-01-30,
Refrescos y energizantes,7463172803498,RED ROCK MANZANA VERDE 400.ML,30.00,14.8333,48.00,48.00,7463172803498,2026-07-30,
Refrescos y energizantes,7468973202952,RED ROCK MANZANA VERDE 450 ML,25.00,20.8100,-2.00,0.00,7468973202952,2026-07-17,
Refrescos y energizantes,7468973202761,RED ROCK MANZANITA DOBLE LITRO,100.00,60.0300,0.00,0.00,7468973202761,2026-07-16,
Refrescos y energizantes,7463172803528,RED ROCK MERENGUE 400 ML,30.00,14.8333,-11.00,0.00,7463172803528,2026-06-26,
Refrescos y energizantes,7468973201184,RED ROCK MERENGUE DOBLE LITRO,100.00,60.0300,1.00,1.00,7468973201184,2025-12-31,
Refrescos y energizantes,7463172803559,RED ROCK NARANJA 400 ML.,30.00,14.8333,-38.00,0.00,7463172803559,2026-07-05,
Refrescos y energizantes,7468973200293,RED ROCK NARANJA DOBLE LITRO,100.00,60.0300,5.00,5.00,7468973200293,2026-05-08,
Refrescos y energizantes,7463172803580,RED ROCK UVA 400 ML,30.00,14.8333,41.00,41.00,7463172803580,2026-09-14,
Refrescos y energizantes,7468973201177,RED ROCK UVA DOBLE LITRO,100.00,60.0300,5.00,5.00,7468973201177,2026-09-13,
Refrescos y energizantes,7468973203072,SEVEN UP DIETA 591 ML,35.00,13.8700,-1.00,0.00,7468973203072,2026-03-04,
Refrescos y energizantes,7463172803344,SEVEN UP DOBLE LITRO,110.00,60.0300,0.00,0.00,7463172803344,2026-06-05,
Refrescos y energizantes,7463172803320,SEVEN-UP 400 ML.,25.00,12.5706,17.00,17.00,7463172803320,2026-04-11,
Refrescos y energizantes,049000057690,SPRITE 400.ML,30.00,17.2316,58.00,58.00,049000057690,2026-09-15,
Refrescos y energizantes,049000025620,SPRITE DOBLE LITRO,110.00,63.5593,20.00,20.00,049000025620,2026-09-12,
Refrescos y energizantes,650240063213,SUEROX FRESA KIWI,225.00,135.5900,9.00,9.00,650240063213,2026-09-15,
Refrescos y energizantes,650240069192,SUEROX FRUTOS ROJOS,225.00,135.5900,3.00,3.00,650240069192,2026-09-14,
Refrescos y energizantes,650240069208,SUEROX LIMA-LIMON,225.00,135.0000,0.00,0.00,650240069208,2026-07-09,
Refrescos y energizantes,650240063220,SUEROX MANZANA,225.00,135.5900,4.00,4.00,650240063220,2026-09-13,
Refrescos y energizantes,650240063244,SUEROX MORA AZUL-HIERBABUENA,225.00,135.5900,9.00,9.00,650240063244,2026-09-13,
Refrescos y energizantes,650240063237,SUEROX NARANJA-MANDARINA,225.00,135.5900,0.00,0.00,650240063237,2026-09-03,
Refrescos y energizantes,650240078040,SUEROX PIÑA 630.M.L,225.00,135.5900,7.00,7.00,650240078040,2026-09-13,
Refrescos y energizantes,650240070495,SUEROX SABOR COCO 630.M.L,225.00,135.5900,0.00,0.00,650240070495,2026-06-20,
Refrescos y energizantes,650240061325,SUEROX UVA,225.00,135.5900,6.00,6.00,650240061325,2026-09-13,
Refrescos y energizantes,07827404,SUNKIST ORANGE 355.M.L LATA,75.00,42.3725,0.00,0.00,07827404,2026-02-20,
Refrescos y energizantes,74642250,TIEGERBRAN EXTRATO DE MALTA,80.00,46.3200,-21.00,0.00,74642250,2026-09-01,
"Jugos, tés y lácteos",041331021951,AGUA DE COCO 13.5 CON TROCITOS GOYA,185.00,109.2500,-2.00,0.00,041331021951,2026-07-19,
"Jugos, tés y lácteos",041331027854,AGUA DE COCO GOYA 11.8,120.00,72.0000,-21.00,0.00,041331027854,2026-09-02,
"Jugos, tés y lácteos",041331027878,AGUA DE COCO GOYA 17.6,160.00,95.0000,41.00,41.00,041331027878,2026-09-13,
"Jugos, tés y lácteos",076301000155,APPLE&EVE FRUIT PUNCH,25.00,10.4600,-2.00,0.00,076301000155,2026-01-01,
"Jugos, tés y lácteos",0000,CAPRISUN,40.00,22.5625,5.00,5.00,,2026-06-28,
"Jugos, tés y lácteos",7460111102377,CHOCO RICA 250ML CON SOLVETE,30.00,22.2800,-6.00,0.00,7460111102377,2026-09-14,
"Jugos, tés y lácteos",7460111102483,CHOCO RICA 330ML,55.00,31.8400,11.00,11.00,7460111102483,2026-09-15,
"Jugos, tés y lácteos",7460111103039,CHOCO RICA 500.ML,70.00,42.5300,2.00,2.00,7460111103039,2026-09-08,
"Jugos, tés y lácteos",01484035,CLAMATOS,85.00,38.3120,117.00,117.00,01484035,2026-09-13,
"Jugos, tés y lácteos",031200200006,CRAMBERRY OCEAN SPRAY 32 OZ.,350.00,147.8100,-1.00,0.00,031200200006,2026-09-07,
"Jugos, tés y lácteos",025000130311,DEL VALLE NARANJA,25.00,16.0000,-2.00,0.00,025000130311,2026-04-16,
"Jugos, tés y lácteos",5904941750459,DR+OWOC FRUIT RED 330.ML,110.00,67.8000,0.00,0.00,5904941750459,2026-01-16,
"Jugos, tés y lácteos",5904941750350,DR+OWOC ZIELONE,100.00,64.0000,0.00,0.00,5904941750350,2026-04-19,
"Jugos, tés y lácteos",024474007372,FRUTA FRESCA FRUIT PUNCCH,35.00,19.5600,-2.00,0.00,024474007372,2025-12-30,
"Jugos, tés y lácteos",024474007341,FRUTA FRESCA NARANJA,35.00,-98.4400,-2.00,0.00,024474007341,2026-04-13,
"Jugos, tés y lácteos",070074678436,GLUCERNA SHAKE VAINILLA,200.00,120.0000,1.00,1.00,070074678436,2025-10-20,
"Jugos, tés y lácteos",2018,JUGOS NATURAL FRESA,80.00,40.0000,-2.00,0.00,,2026-05-21,
"Jugos, tés y lácteos",2017,JUGOS NATURALES VARIADOS,85.00,50.0000,23.00,23.00,,2026-09-14,
"Jugos, tés y lácteos",7460111102278,LISTAMILK RICA 250ML,35.00,22.9100,66.00,66.00,7460111102278,2026-09-14,el sistema anterior le cobraba ITBIS 0%; entra al 18% incluido
"Jugos, tés y lácteos",7460111102186,LISTAMILK RICA LITRO,120.00,77.2500,6.00,6.00,7460111102186,2026-09-08,el sistema anterior le cobraba ITBIS 0%; entra al 18% incluido
"Jugos, tés y lácteos",025000137341,MINUTE MAID CITRUS PUNCH 500 ML.,35.00,18.3616,8.00,8.00,025000137341,2026-09-15,
"Jugos, tés y lácteos",01489438,MOTTS APPLE,100.00,57.3800,31.00,31.00,01489438,2026-09-15,
"Jugos, tés y lácteos",014800000320,MOTTS APPLE JUICE 32 OZ,280.00,150.7768,28.00,28.00,014800000320,2026-09-12,
"Jugos, tés y lácteos",031200008091,OCEAN SPRAY CRANBERRY 450ML,125.00,75.5500,-1.00,0.00,031200008091,2026-07-15,
"Jugos, tés y lácteos",7411204841918,PETIT COCTEL DE FRUTAS,55.00,29.4300,1.00,1.00,7411204841918,2026-06-30,
"Jugos, tés y lácteos",7411204808119,PETIT DURASNO,55.00,29.0000,-21.00,0.00,7411204808119,2026-06-20,
"Jugos, tés y lácteos",024474007204,PETIT DURAZNOS 330.ML,40.00,28.9500,24.00,24.00,024474007204,2025-04-12,
"Jugos, tés y lácteos",024474381014,PETIT JUGO MANZANA 330 ML,60.00,27.8900,-1.00,0.00,024474381014,2026-06-06,
"Jugos, tés y lácteos",7411204808089,PETIT MANZANA DE LATA,55.00,29.0000,5.00,5.00,7411204808089,2025-10-10,
"Jugos, tés y lácteos",7411204808140,PETIT PERAS 330.ML,55.00,29.4300,5.00,5.00,7411204808140,2026-08-28,
"Jugos, tés y lácteos",7460111102568,RICA NARANJA 100/% CON SOLVETE 10ML,35.00,18.7200,103.00,103.00,7460111102568,2026-09-15,
"Jugos, tés y lácteos",7460111132503,RICA RIGURT NATURAL,60.00,33.0000,0.00,0.00,7460111132503,2026-09-04,
"Jugos, tés y lácteos",7460111132510,RICA RIGURTMELOCOTON CHINOLA,60.00,33.0000,0.00,0.00,7460111132510,2026-07-11,
"Jugos, tés y lácteos",076183003138,SNAPPLE FRUIT PUNCH,125.00,69.9154,26.00,26.00,076183003138,2026-09-13,
"Jugos, tés y lácteos",076183003107,SNAPPLE KIWI STRAWBERRY,125.00,69.9154,-17.00,0.00,076183003107,2026-09-01,
"Jugos, tés y lácteos",076183003275,SNAPPLE UVA PLASTICO,110.00,65.8545,-6.00,0.00,076183003275,2026-08-05,
"Jugos, tés y lácteos",752046152570,SUPLIGEN CHOCOLATE,165.00,102.3966,24.00,24.00,752046152570,2026-09-11,
"Jugos, tés y lácteos",752046150170,SUPLIGEN VAINILLA,165.00,102.3966,19.00,19.00,752046150170,2026-09-14,
"Jugos, tés y lácteos",7462275402843,V8 LIGTH SPLASH FRESA KIWI,120.00,71.7100,2.00,2.00,7462275402843,2026-09-15,
"Jugos, tés y lácteos",7462275402812,V8 SPLASH BERRY BLEND,120.00,71.7100,5.00,5.00,7462275402812,2026-09-01,
"Jugos, tés y lácteos",7462275402829,V8 SPLASH MEZCLA TROPICAL,120.00,71.7100,-1.00,0.00,7462275402829,2026-09-13,
"Jugos, tés y lácteos",7462275402836,V8 SPLASH ORANGE CARROT,120.00,71.7100,2.00,2.00,7462275402836,2026-07-13,
"Jugos, tés y lácteos",016571957438,WATERMELON LEMONADE,140.00,78.3300,14.00,14.00,016571957438,2026-08-21,
"Jugos, tés y lácteos",041800354009,WELCHS GRAPE JUICE 10 OZ,115.00,66.0310,20.00,20.00,041800354009,2026-09-15,
"Jugos, tés y lácteos",7460199565347,YOKA YOGURT CIRUELA PASA,55.00,28.8700,-1.00,0.00,7460199565347,2025-10-12,el sistema anterior le cobraba ITBIS 16%; entra al 18% incluido
"Jugos, tés y lácteos",7460199551012,YOKA YOGURT CON FRUTAS. FRESA,70.00,38.0000,1.00,1.00,7460199551012,2025-10-04,
"Jugos, tés y lácteos",7460199552088,YOKA YOGURT CON FRUTAS. VAINILLA,70.00,38.0000,2.00,2.00,7460199552088,2025-10-15,
"Jugos, tés y lácteos",7460199565019,YOKA YOGURT FRESA,55.00,31.0000,-5.00,0.00,7460199565019,2025-11-10,el sistema anterior le cobraba ITBIS 16%; entra al 18% incluido
"Jugos, tés y lácteos",7460199565057,YOKA YOGURT MORIR SOÑANDO,55.00,31.0000,3.00,3.00,7460199565057,2025-10-02,el sistema anterior le cobraba ITBIS 16%; entra al 18% incluido
"Jugos, tés y lácteos",7460199565224,YOKA YOGURT NATURAL,55.00,23.0000,-2.00,0.00,7460199565224,2026-07-17,el sistema anterior le cobraba ITBIS 16%; entra al 18% incluido
"Jugos, tés y lácteos",7466772506332,YOPLAIT CIRUELAS Y CEREALES,60.00,33.3000,16.00,16.00,7466772506332,2026-03-15,
"Jugos, tés y lácteos",7466772504833,YOPLAIT FRUTAS ROJAS,50.00,28.0000,-3.00,0.00,7466772504833,2026-03-13,
"Jugos, tés y lácteos",7466772504840,YOPLAIT GOGUR,60.00,33.0000,-20.00,0.00,7466772504840,2026-07-19,
"Jugos, tés y lácteos",7466772508367,YOPLAIT TOP FRESA GRANOLA,100.00,57.9000,1.00,1.00,7466772508367,2025-12-16,
"Jugos, tés y lácteos",7466772508350,YOPLAIT TOP NATURAL GRANOLA,100.00,57.0000,-1.00,0.00,7466772508350,2025-12-17,
"Jugos, tés y lácteos",7466772504802,YOPLAIT YOGUR NATURAL,60.00,33.3000,2.00,2.00,7466772504802,2025-11-02,
"Jugos, tés y lácteos",7466772504819,YOPLAIT. FRESA. VASO 6OZ,60.00,35.0000,-7.00,0.00,7466772504819,2026-09-12,
"Jugos, tés y lácteos",7466772504185,YOPLAY FRESA 8.45OZ,55.00,32.2500,-2.00,0.00,7466772504185,2025-10-30,
Aguas,5777,1/2 FUNDA DE HIELO,40.00,25.0000,-181.00,0.00,,2026-09-09,
Aguas,7461063094994,AGUA COOL HEAVEN LITRO,25.00,18.3333,-2.00,0.00,7461063094994,2026-08-07,el sistema anterior le cobraba ITBIS 0%; entra al 18% incluido
Aguas,049000409772,AGUA DASANI 20 ONZ,35.00,16.8333,270.00,270.00,049000409772,2026-09-15,el sistema anterior le cobraba ITBIS 0%; entra al 18% incluido
Aguas,079298000078,AGUA EVIAN 1 LITRO,235.00,157.0000,41.00,41.00,079298000078,2026-09-13,el sistema anterior le cobraba ITBIS 0%; entra al 18% incluido
Aguas,701891100014,AGUA PLANETA AZUL,25.00,0.0000,497.00,497.00,701891100014,2026-09-15,costo 1.00 de relleno en el sistema anterior: entra sin costo; el sistema anterior le cobraba ITBIS 0%; entra al 18% incluido
Aguas,701891100038,AGUA PLANETA AZUL GD,50.00,0.0000,65.00,65.00,701891100038,2026-09-15,costo 1.00 de relleno en el sistema anterior: entra sin costo; el sistema anterior le cobraba ITBIS 0%; entra al 18% incluido
Aguas,701891101035,AGUA PLANETA SPORT 24.OZ,35.00,18.8300,7.00,7.00,701891101035,2026-09-04,el sistema anterior le cobraba ITBIS 0%; entra al 18% incluido
Aguas,049000027822,DASANI AGUA 1.5 LITRO,60.00,33.6700,29.00,29.00,049000027822,2026-09-15,el sistema anterior le cobraba ITBIS 0%; entra al 18% incluido
Aguas,049000554489,DASANI CRANBERRY 591.ML,35.00,19.0000,1.00,1.00,049000554489,2025-08-19,
Aguas,049000051636,DASANI DE LIMON,40.00,25.4220,1.00,1.00,049000051636,2026-08-26,
Aguas,049000051612,DASANI DE TORONJA,40.00,25.4220,12.00,12.00,049000051612,2026-09-13,
Aguas,061314000032,EVIAN AGUA NATURAL,170.00,118.7500,44.00,44.00,061314000032,2026-09-10,el sistema anterior le cobraba ITBIS 0%; entra al 18% incluido
Aguas,577,HIELO FUNDA,80.00,50.0000,-3.00,0.00,,2026-09-15,el sistema anterior le cobraba ITBIS 0%; entra al 18% incluido
Aguas,016571953867,ICE CAFFEINE BLACK RASPBERRY,140.00,78.3300,26.00,26.00,016571953867,2026-09-15,
Aguas,016571953829,ICE CAFFEINE TRIPLE CITRUS 16ONZ,140.00,78.3300,21.00,21.00,016571953829,2026-08-21,
Aguas,016571952822,ICE SPARKING CAFEINE ORANGE PASSIONFRUIT16ONZ,140.00,78.3300,11.00,11.00,016571952822,2026-08-22,
Aguas,016571953843,ICE SPARKLING CAFFEINE BLUE RASPBERRY 16ONZ,140.00,78.3300,12.00,12.00,016571953843,2026-08-24,
Aguas,016571940355,ICE SPARKLING CLASSIC LEMONADA,125.00,72.1045,-16.00,0.00,016571940355,2026-07-02,
Aguas,41508015,PERRIER 330ML,125.00,73.7994,119.00,119.00,41508015,2026-09-15,
Aguas,07478545,PERRIER 750ML,285.00,163.0833,13.00,13.00,07478545,2026-09-01,
Aguas,074780000703,PERRIER AGUA BOTELLA PLASTICA 500 ML,135.00,81.2100,-1.00,0.00,074780000703,2026-03-01,
Aguas,701891103015,PLANETA TORONJA AZUL,25.00,10.5610,9.00,9.00,701891103015,2026-04-19,
Aguas,016571960148,SPARKLIN LATA. KIWI STRAWBERRY.7.5.OZ,80.00,46.7000,0.00,0.00,016571960148,2025-12-09,
Aguas,016571960926,SPARKLIN LATA. MANDARINA.7.5.OZ,80.00,46.7000,0.00,0.00,016571960926,2026-01-03,
Aguas,016571960957,SPARKLIN LATA. ORANGE CREAM 7.5.OZ,80.00,46.7000,0.00,0.00,016571960957,2025-12-27,
Aguas,016571910310,SPARKLING ICE,125.00,72.1045,-8.00,0.00,016571910310,2026-03-12,
Aguas,016571955359,SPARKLING ICE BERRY LEMONADE,125.00,72.1045,1.00,1.00,016571955359,2026-01-08,
Aguas,016571910303,SPARKLING ICE BLACK RASPBERRY,125.00,72.1045,20.00,20.00,016571910303,2026-06-11,
Aguas,016571955144,SPARKLING ICE CAFFEINE CHERRY VANILLA 16OZ,140.00,78.3300,11.00,11.00,016571955144,2026-09-14,
Aguas,016571952839,SPARKLING ICE CAFFEINE CITRUS 16 OZ,140.00,78.3300,-16.00,0.00,016571952839,2026-09-15,
Aguas,016571950842,SPARKLING ICE CHERRY LIMEADE,125.00,72.1045,10.00,10.00,016571950842,2026-09-06,
Aguas,016571940331,SPARKLING ICE COCONUT PINEAPPLE,125.00,72.1045,3.00,3.00,016571940331,2026-09-13,
Aguas,016571954369,SPARKLING ICE FRUIT PUNCH,125.00,72.1045,26.00,26.00,016571954369,2026-09-10,
Aguas,016571952679,SPARKLING ICE GRAPE RASPBERRY,125.00,72.1045,13.00,13.00,016571952679,2026-09-05,
Aguas,016571910327,SPARKLING ICE KIWI STRAWBERRY,125.00,72.1045,8.00,8.00,016571910327,2026-09-04,
Aguas,016571911256,SPARKLING ICE LEMON LIME,125.00,72.1045,17.00,17.00,016571911256,2026-09-09,
Aguas,016571953966,SPARKLING ICE PINK GRAPEFRUIT,125.00,72.1045,12.00,12.00,016571953966,2022-05-07,
Aguas,016571910372,SPARKLING ICE PINK GRAPEFRUIT,125.00,72.1045,-1.00,0.00,016571910372,2026-07-02,
Aguas,016571950859,SPARKLING STRABERRY WATERMELON,125.00,72.1045,7.00,7.00,016571950859,2026-09-08,
Aguas,502,VASO CON HIELO PQ,20.00,8.0000,-1.00,0.00,,2026-09-15,
Café y batidos,1152,AROMA CAFE-CORTADITO,45.00,25.0000,34.00,34.00,,2026-09-15,el sistema anterior le cobraba ITBIS 17%; entra al 18% incluido
Café y batidos,1151,AROMA CAPUC-CHOC-MOKA,100.00,50.0000,42.00,42.00,,2026-09-15,
Café y batidos,004,CAFE-CAPUC-MOKAC-CHOCOL,100.00,50.0000,-27.00,0.00,,2026-09-15,
Café y batidos,003,CAFE-ESPRESO-LARGO,45.00,25.0000,-3.00,0.00,,2026-09-15,el sistema anterior le cobraba ITBIS 0%; entra al 18% incluido
Café y batidos,0004,CAPUCCINO FRIO,180.00,75.0000,22.00,22.00,,2026-09-14,
Café y batidos,04,CAPUCHINO VASO GRANDE,190.00,95.0000,40.00,40.00,,2026-09-15,
Café y batidos,01241000,FRAPPUCCINO VANILLA,205.00,130.0000,0.00,0.00,01241000,2026-04-25,
Café y batidos,01264904,FRAPUCCINO MOCHA,220.00,130.0000,0.00,0.00,01264904,2026-09-15,
Café y batidos,0107,FRESA CON FRUTOS DEL BOSQUE,195.00,100.0000,-4.00,0.00,,2026-03-07,
Café y batidos,0207,FRESA CON LECHE,195.00,100.0000,-15.00,0.00,,2026-08-08,
Café y batidos,0407,FRESA MELON,195.00,100.0000,-15.00,0.00,,2026-09-05,
Café y batidos,0307,LECHOZA CON LECHE,160.00,85.0000,-10.00,0.00,,2026-07-31,
Café y batidos,204,NESCAFE.12.OZ. PRO CHOLATE KITKAT,180.00,75.0000,-46.00,0.00,,2026-03-02,
Café y batidos,1004,NESCAFE.7.OZ. PRO CHOLATE KITKAT,95.00,55.0000,-79.00,0.00,,2025-10-28,
Café y batidos,30004,NESCAFE.FRIO. PRO CHOLATE KITKAT,180.00,100.0000,-18.00,0.00,,2025-11-21,
Café y batidos,1153,VASO GRANDE AROMA,190.00,95.0000,203.00,203.00,,2026-09-15,
Café y batidos,201,VASO PARA NESCAFE,260.00,157.7400,-2.00,0.00,,2026-09-15,
Snacks salados,7463910335045,ALMENDRA CON PASAS SEMILLAS CARMENCITA,60.00,45.0000,0.00,0.00,7463910335045,2026-09-06,
Snacks salados,7468841250085,ALMENDRA LINEA DORADA PUNTA RUSIA,540.00,385.0000,8.00,8.00,7468841250085,2026-09-10,el sistema anterior le cobraba ITBIS 0%; entra al 18% incluido
Snacks salados,7461433140184,ALMENDRA NAT DYNASTY,215.00,130.0000,-1.00,0.00,7461433140184,2026-04-10,
Snacks salados,7468841250559,ALMENDRA PUNTA RUCIA 113GR,245.00,142.0000,2.00,2.00,7468841250559,2026-09-05,
Snacks salados,7467863736980,ALMENDRAS ENTERAS NATURAL,115.00,65.0000,-1.00,0.00,7467863736980,2026-05-07,
Snacks salados,7461514667081,ALMENDRAS NUTRI SEMILLAS,65.00,45.0000,0.00,0.00,7461514667081,2026-02-05,
Snacks salados,7468841250344,ALMENDRAS PUNTA RUSIA,70.00,47.0000,27.00,27.00,7468841250344,2026-09-09,el sistema anterior le cobraba ITBIS 0%; entra al 18% incluido
Snacks salados,7465610154681,ALMENDRAS TOSTADAS Y SALADAS 2.OZ.DYNASTY,130.00,77.9900,0.00,0.00,7465610154681,2026-07-29,
Snacks salados,3800205875604,BRUSCHETTE CHIPS FINE CHEESE,75.00,37.8133,5.00,5.00,3800205875604,2026-08-20,
Snacks salados,3800205871255,BRUSCHETTE CHIPS PIZZA,75.00,37.8133,-24.00,0.00,3800205871255,2026-09-11,
Snacks salados,3800205877325,BRUSCHETTE CHIPS SOUR CREAM Y ONION,75.00,37.8133,16.00,16.00,3800205877325,2026-09-15,
Snacks salados,3800205875109,BRUSCHETTE CHIPS TOMATO,75.00,37.8133,15.00,15.00,3800205875109,2026-09-06,
Snacks salados,3800205875307,"BRUSCHETTE CHIPS, VEGETABLES",75.00,37.8133,13.00,13.00,3800205875307,2026-09-12,
Snacks salados,7460496803142,CARIBAS DE AJO,145.00,85.4000,36.00,36.00,7460496803142,2026-09-15,
Snacks salados,7460496801483,CARIBAS MADURITOS 110 G,145.00,85.4000,10.00,10.00,7460496801483,2026-09-15,
Snacks salados,7460496800905,CARIBAS PLATANITOS 52GMS.,85.00,49.6500,12.00,12.00,7460496800905,2026-08-27,
Snacks salados,7464113812579,CARIBAS YUCA 110G,145.00,85.4000,31.00,31.00,7464113812579,2026-06-28,
Snacks salados,7460496805115,CARIBAS YUCA Y QUESO ORIGINAL 100.GMOS,145.00,85.4000,-18.00,0.00,7460496805115,2026-09-06,
Snacks salados,7467035860451,CARIBBEAD NUTS ALMENDRAS NATURALES,240.00,142.0000,-3.00,0.00,7467035860451,2026-05-26,
Snacks salados,7467035860000,CARIBBEAD NUTS CASHEWS,225.00,118.7000,1.00,1.00,7467035860000,2026-06-08,
Snacks salados,7467035860048,CARIBBEAD NUTS NUECES MIXTAS,200.00,101.7000,0.00,0.00,7467035860048,2026-06-25,
Snacks salados,7467035860222,CARIBBEAD NUTS PISTACHO,285.00,161.0000,1.00,1.00,7467035860222,2026-07-30,
Snacks salados,7467035860574,CARIBBEAD NUTS SUPER MIX,200.00,110.2000,1.00,1.00,7467035860574,2026-06-16,
Snacks salados,7467035860628,CARIBBEAD NUTS TRAIL MIX 127.G,200.00,110.2000,1.00,1.00,7467035860628,2026-07-04,
Snacks salados,7460590002700,CARLES PAPITAS CON LIMON,80.00,48.3600,5.00,5.00,7460590002700,2026-06-30,
Snacks salados,7460590002724,CARLES PAPITAS CON QUESO,80.00,48.3600,5.00,5.00,7460590002724,2026-08-24,
Snacks salados,7460590002717,CARLES PAPITAS CON SAL,80.00,48.3600,1.00,1.00,7460590002717,2026-09-07,
Snacks salados,7460590002731,CARLES PAPITAS CON SOUR CREMA ONION,80.00,48.3600,5.00,5.00,7460590002731,2026-06-15,
Snacks salados,7460590001017,CARLES PATACONES,225.00,104.3000,0.00,0.00,7460590001017,2025-11-23,
Snacks salados,7461568453227,CASABE AL AJILLO 175.PESOS,225.00,127.5000,7.00,7.00,7461568453227,2026-09-08,
Snacks salados,7468215707450,CASABE APARRILLA AJONJOLI,310.00,175.0000,1.00,1.00,7468215707450,2026-06-24,
Snacks salados,7468215707405,CASABE APARRILLA NATURAL,300.00,160.0000,4.00,4.00,7468215707405,2026-06-16,
Snacks salados,7468215707429,CASABE APARRILLA QUESO PARMESANO,340.00,195.0000,4.00,4.00,7468215707429,2026-08-10,
Snacks salados,7468215707436,CASABE APARRILLA SEMILLAS DE CHIA,310.00,175.0000,2.00,2.00,7468215707436,2026-07-31,
Snacks salados,7468215707498,CASABE APARRILLA. COCO Y AVENA,310.00,175.0000,1.00,1.00,7468215707498,2026-08-09,
Snacks salados,7468215707474,CASABE APARRILLA.SEMILLA DE AYUMA,300.00,175.0000,3.00,3.00,7468215707474,2026-07-31,
Snacks salados,7469460900047,CASABE DE AJO PEQUEÑO,50.00,30.0000,-2.00,0.00,7469460900047,2026-05-08,
Snacks salados,7468215705012,"CASABE RELLENO,S GUAYABA",145.00,85.0000,1.00,1.00,7468215705012,2025-11-07,
Snacks salados,7501234567893,CASABE SANTO DOMINGO,125.00,70.0000,1.00,1.00,7501234567893,2025-03-13,
Snacks salados,7468215701021,CASABE TRADICIONAL G.,140.00,115.0000,5.00,5.00,7468215701021,2026-09-11,
Snacks salados,028400025409,CHEETOS CORN JUMBO PUFFS. 9 OZ- 255.G,350.00,185.3396,16.00,16.00,028400025409,2026-09-15,
Snacks salados,7460496803326,CHEETOS CRUNCHY 85G. P,85.00,49.6500,-43.00,0.00,7460496803326,2026-03-24,
Snacks salados,7460496803227,CHEETOS CRUNCHY QUESO,145.00,85.4000,-30.00,0.00,7460496803227,2026-08-07,
Snacks salados,7464113802532,CHEETOS QUESO BLANCO 85 MGS,85.00,49.6500,49.00,49.00,7464113802532,2025-08-02,
Snacks salados,7460496804729,CHICHARRON LIMOM,145.00,85.4000,30.00,30.00,7460496804729,2026-09-15,
Snacks salados,027800072723,CHIPS DELUXES MINI,55.00,29.2372,10.00,10.00,027800072723,2026-09-13,
Snacks salados,7465073651185,COCALECAS BUTTER DELICIOCHO,70.00,30.0000,6.00,6.00,7465073651185,2026-08-24,
Snacks salados,7465073651000,COCALECAS CARAMELO DELICIOCHO,70.00,30.0000,0.00,0.00,7465073651000,2026-02-03,
Snacks salados,7465073651178,COCALECAS WHITE CHEDDAR DELICIOCHO,70.00,30.0000,12.00,12.00,7465073651178,2026-07-13,
Snacks salados,7468841252492,CRANBERRIES Y SEMILLAS DE CAJUIL 113.GM PUNTA RICI,245.00,142.0000,4.00,4.00,7468841252492,2026-09-11,
Snacks salados,7463649219371,"D ISLA., GRANOLA . PASASY ALMENDRAS REBANADAS",240.00,142.3400,0.00,0.00,7463649219371,2026-01-23,
Snacks salados,7463649219364,"D ISLA., GRANOLA .CHIA ,PASAS Y ALMENDRAS REBANADA",240.00,142.3400,0.00,0.00,7463649219364,2026-01-16,
Snacks salados,7461433140221,DELUXE NUECES MIXTAS DYNASTY,290.00,170.9200,-1.00,0.00,7461433140221,2026-03-20,
Snacks salados,7460496804804,DORITO NACHOS CHEESE 140 G,145.00,85.4000,5.00,5.00,7460496804804,2026-09-01,
Snacks salados,7460496803159,DORITOS FLAMIN HOT 130G,145.00,85.4000,21.00,21.00,7460496803159,2026-06-12,
Snacks salados,7460496803319,DORITOS NACHO CHEESE 70.GMS,85.00,49.6500,19.00,19.00,7460496803319,2026-09-15,
Snacks salados,7460496806303,DORITOS PIZZA.130.G,150.00,85.4000,9.00,9.00,7460496806303,2026-09-14,
Snacks salados,7460496804866,DORITOS PM 70,85.00,49.6500,2.00,2.00,7460496804866,2026-04-25,
Snacks salados,721282411116,DORITOS SWAP 130.GMOS,145.00,85.4000,0.00,0.00,721282411116,2025-12-13,
Snacks salados,7468215701502,E.GUARAGUANO TRADICIONAL 10.OZ,190.00,114.4067,5.00,5.00,7468215701502,2026-08-03,
Snacks salados,7465610154582,FRUTAS TROPICALES MIXTAS MWS,100.00,58.0000,4.00,4.00,7465610154582,2026-09-06,
Snacks salados,028400017824,FUNYUNS ONION 163 G.,310.00,185.3400,4.00,4.00,028400017824,2026-09-14,
Snacks salados,7468841252478,GRAMBERRIES Y ALMENDRA,230.77,142.0000,8.00,8.00,7468841252478,2026-09-02,
Snacks salados,7465610154421,GRANOLA CON FRUTAS,160.00,94.0000,0.00,0.00,7465610154421,2026-05-20,
Snacks salados,7465610154506,GRANOLA CON FRUTAS 2.OZ.DYNASTY,80.00,47.9900,-1.00,0.00,7465610154506,2026-05-28,
Snacks salados,7468215701311,GUARAGUANO K-SABITOS COCONUT,160.00,105.0000,0.00,0.00,7468215701311,2025-10-07,
Snacks salados,7460496803289,HOJUELITAS BBQ 160 G,145.00,85.4000,36.00,36.00,7460496803289,2026-09-15,
Snacks salados,7460496803272,HOJUELITAS DE QUESO 160 G,145.00,85.4000,32.00,32.00,7460496803272,2026-09-15,
Snacks salados,709972311236,HOT PEPPERONI,100.00,70.8400,-2.00,0.00,709972311236,2025-09-27,
Snacks salados,017082880635,JACK LINKS HOT & SPICY,165.00,98.5000,46.00,46.00,017082880635,2026-09-12,
Snacks salados,017082460714,JL TENDER TERYAKI BEEF STEAK,240.00,73.0208,-4.00,0.00,017082460714,2026-04-26,
Snacks salados,017082880628,JL TERIYAKI,140.00,73.0200,-6.00,0.00,017082880628,2026-09-03,
Snacks salados,7468215700109,K-SABITOS AL AJILLO,35.00,22.5000,25.00,25.00,7468215700109,2026-09-11,
Snacks salados,7460496806167,LAYS ASADO ARGENTINO,150.00,85.4000,17.00,17.00,7460496806167,2026-09-01,
Snacks salados,028400016544,LAYS DORITOS NACHO 255G,235.00,145.6500,9.00,9.00,028400016544,2026-09-14,
Snacks salados,7460496803258,LAYS LIMON 110G,145.00,85.4000,27.00,27.00,7460496803258,2026-09-11,
Snacks salados,7460496803364,LAYS LIMON 55G,85.00,49.6500,40.00,40.00,7460496803364,2026-09-13,
Snacks salados,7460496803845,LAYS PAPITA QUESO BLANCO 200G,245.00,145.6086,2.00,2.00,7460496803845,2025-11-10,
Snacks salados,7460496803357,LAYS PAPITA QUESO BLANCO 55G,85.00,49.6500,28.00,28.00,7460496803357,2026-09-15,
Snacks salados,7460496803340,LAYS PAPITA SAL 55.GMOS,85.00,49.6500,63.00,63.00,7460496803340,2026-09-13,
Snacks salados,7460496803838,LAYS PAPITA SAL X.L.200.G,250.00,145.6500,1.00,1.00,7460496803838,2026-06-08,
Snacks salados,7464113821403,LAYS PLATANITOS CARIBAS 160G,150.00,99.3100,-1.00,0.00,7464113821403,2025-10-27,
Snacks salados,7460496803241,LAYS QUESO BLANCO 110G,145.00,85.4000,24.00,24.00,7460496803241,2026-09-12,
Snacks salados,7460496803371,LAYS RUFFLES QUESO55GMOS,85.00,49.6500,33.00,33.00,7460496803371,2026-09-14,
Snacks salados,7460496803234,LAYS SAL 110 G,145.00,85.4000,37.00,37.00,7460496803234,2026-09-13,
Snacks salados,7460496804675,LAYS SOUR CREAM,145.00,85.4000,0.00,0.00,7460496804675,2026-08-02,
Snacks salados,721282411079,LAYS SWAP 105.GMOS,145.00,85.4000,2.00,2.00,721282411079,2025-10-27,
Snacks salados,7460496806228,LAYS TACO MEXICANO,150.00,85.4000,2.00,2.00,7460496806228,2026-06-12,
Snacks salados,7467863736928,MANI CON PASAS 2.OZ.DYNASTY,65.00,38.0000,0.00,0.00,7467863736928,2026-06-15,
Snacks salados,750894671014,MANI CON SAL YUMMI NUTS 80.G,50.00,24.7100,3.00,3.00,750894671014,2026-06-21,
Snacks salados,7465610154438,MANI TOSTADO SALDO,120.00,71.0000,1.00,1.00,7465610154438,2026-05-03,
Snacks salados,7465610154513,MANI TOSTADO Y SALADO 2.OZ.DYNASTY,56.00,33.7500,5.00,5.00,7465610154513,2026-09-12,
Snacks salados,7465610154445,MANI TOSTADOS CON PASAS DYNASTY,120.00,69.0000,-1.00,0.00,7465610154445,2026-06-01,
Snacks salados,3800237480579,MARETTI CHEDDAR Y SOUR CREAM,75.00,37.8133,13.00,13.00,3800237480579,2026-09-15,
Snacks salados,7464113826606,MOFONGO SNAX 52 G.,85.00,49.6500,32.00,32.00,7464113826606,2026-09-15,
Snacks salados,028400735827,NATU CHIPS CHILE Y LIMON 113.9.G,145.00,85.4000,11.00,11.00,028400735827,2026-07-17,
Snacks salados,7460496805986,NATUCHIPS LIME LIMON 110.GMS,145.00,85.4000,33.00,33.00,7460496805986,2026-09-11,
Snacks salados,7464113821205,NATUCHIPS PLATANITOS CARIBAS 110G,145.00,85.4000,54.00,54.00,7464113821205,2026-09-15,
Snacks salados,7460995101152,NUECES MIXTAS CON MANI,115.00,67.0000,1.00,1.00,7460995101152,2026-08-17,
Snacks salados,7467863739905,NUECES Y FRUTAS MIXTAS MWS,80.00,45.0000,2.00,2.00,7467863739905,2026-05-11,
Snacks salados,7467035860024,NUT SACK MIX Y O PISTACHE,260.00,120.0000,-25.00,0.00,7467035860024,2026-08-30,
Snacks salados,6975478926234,PAPITAS MILAMAR ORIGUINAL 90.G,115.00,65.8300,11.00,11.00,6975478926234,2026-08-09,
Snacks salados,6975478926241,PAPITAS MILAMAR QUESO .90.G,115.00,65.8300,13.00,13.00,6975478926241,2026-09-01,
Snacks salados,6928982869122,PEANUT MANI 185G,95.00,56.5000,-1.00,0.00,6928982869122,2026-05-18,
Snacks salados,7468841250542,PISTACHO PUNTA RUCIA,70.00,47.0000,4.00,4.00,7468841250542,2026-09-15,el sistema anterior le cobraba ITBIS 0%; entra al 18% incluido
Snacks salados,7468841250535,PISTACHO PUNTA RUSIA,245.00,142.0000,8.00,8.00,7468841250535,2026-09-12,
Snacks salados,7467863736706,PISTACHOS 2.OZ.DYNASTY,125.00,74.0000,1.00,1.00,7467863736706,2026-03-13,
Snacks salados,7461433140214,PISTACHOS TOSTADOS SALADOS DYNASTY,245.00,148.0000,-1.00,0.00,7461433140214,2025-11-11,
Snacks salados,029000017955,PLANTERS SALTED CASHEWS SOBRE,60.00,32.3000,-3.00,0.00,029000017955,2026-03-15,
Snacks salados,029000017931,PLANTERS SALTED PEANUTS,60.00,32.3000,2.00,2.00,029000017931,2026-08-31,
Snacks salados,029000076822,PLANTERS SALTED PEANUTS 28G.,25.00,14.5656,35.00,35.00,029000076822,2026-05-11,
Snacks salados,029000017948,PLANTERS SALTED PEANUTS SOBRE,60.00,32.3000,2.00,2.00,029000017948,2026-03-15,
Snacks salados,038000185069,PRINGLES BARBACOA GDE,190.00,130.3500,12.00,12.00,038000185069,2025-08-24,
Snacks salados,038000183737,PRINGLES BBQ PEQ.,75.00,42.0800,2.00,2.00,038000183737,2026-06-07,
Snacks salados,038000846731,PRINGLES ORIGINAL 37G.,80.00,42.0800,27.00,27.00,038000846731,2026-09-13,
Snacks salados,038000184932,PRINGLES ORIGINAL GDE,200.00,127.1200,21.00,21.00,038000184932,2026-09-11,
Snacks salados,038000846748,PRINGLES PAPITA CREMA Y CEBOLLA,80.00,42.0800,20.00,20.00,038000846748,2026-09-07,
Snacks salados,038000846755,PRINGLES QUESO 37.G,80.00,42.0800,29.00,29.00,038000846755,2026-09-11,
Snacks salados,038000184956,PRINGLES QUESO GRANDE,225.00,127.1200,19.00,19.00,038000184956,2026-09-12,
Snacks salados,038000184949,PRINGLES SOUR CREAM & ONION,225.00,127.1200,22.00,22.00,038000184949,2026-09-13,
Snacks salados,7468841250887,PUNTA RICIA CAJUIL CON PASAS,485.00,345.0000,4.00,4.00,7468841250887,2026-09-13,el sistema anterior le cobraba ITBIS 0%; entra al 18% incluido
Snacks salados,7468841250931,PUNTA RUCIA CRABERRIES ALMENDRA 230G.,485.00,345.0000,3.00,3.00,7468841250931,2026-09-05,el sistema anterior le cobraba ITBIS 0%; entra al 18% incluido
Snacks salados,7468841250955,PUNTA RUCIA CRANBERRIES ALMENDRA CAJUIL,485.00,345.0000,-1.00,0.00,7468841250955,2026-09-04,el sistema anterior le cobraba ITBIS 0%; entra al 18% incluido
Snacks salados,7468841250962,PUNTA RUCIA CRANBERRIES CON CAJUIL,485.00,345.0000,2.00,2.00,7468841250962,2026-09-06,el sistema anterior le cobraba ITBIS 0%; entra al 18% incluido
Snacks salados,00523,PUNTA RUCIA CRANE-ALM-SC-135.GR,235.00,142.0000,12.00,12.00,,,
Snacks salados,7468841250948,PUNTA RUCIA DRIED CRANBERRIES 230.G,485.00,345.0000,9.00,9.00,7468841250948,2026-06-22,el sistema anterior le cobraba ITBIS 0%; entra al 18% incluido
Snacks salados,7468841250795,PUNTA RUCIA PISTACHOS LINEA DORADO,482.89,370.0000,3.00,3.00,7468841250795,2026-09-13,el sistema anterior le cobraba ITBIS 0%; entra al 18% incluido
Snacks salados,7468841250863,PUNTA RUCIA SEMILLA CAJUIL SIN SAL,575.00,345.0000,4.00,4.00,7468841250863,2026-09-01,
Snacks salados,7468841250870,PUNTA RUCIA SEMILLAS CAJUIL CON SAL 230G,672.60,345.0000,1.00,1.00,7468841250870,2026-08-23,
Snacks salados,7468841250580,PUNTA RUCIA SEMILLAS DE CAJUIL CON PASA,245.00,142.0000,0.00,0.00,7468841250580,2026-09-14,
Snacks salados,7468841250382,PUNTA RUCIA SEMILLAS DE CAJUIL/PASAS,70.00,47.0000,21.00,21.00,7468841250382,2026-09-06,el sistema anterior le cobraba ITBIS 0%; entra al 18% incluido
Snacks salados,7468841250313,PUNTA RUCIA SUPER MIX,70.00,47.0000,26.00,26.00,7468841250313,2026-09-14,el sistema anterior le cobraba ITBIS 0%; entra al 18% incluido
Snacks salados,7468841250078,PUNTA RUCIA SUPER MIX 230G.,485.00,345.0000,3.00,3.00,7468841250078,2026-09-13,el sistema anterior le cobraba ITBIS 0%; entra al 18% incluido
Snacks salados,7468841250306,PUNTA RUSIA SEMILLAS DE CAJUIL CON SAL,70.00,47.0000,89.00,89.00,7468841250306,2026-09-13,el sistema anterior le cobraba ITBIS 0%; entra al 18% incluido
Snacks salados,462878688583,ROQUETE AMERIKA,90.00,50.0000,21.00,21.00,462878688583,2026-09-14,
Snacks salados,707273605757,ROQUETE DE AJO,100.00,65.0000,-1.00,0.00,707273605757,2026-07-07,
Snacks salados,7460496803524,RUFFES QUESO 200G,200.00,119.1700,-1.00,0.00,7460496803524,2026-07-24,
Snacks salados,7460496805559,RUFFLES CARNE ASADA 120.G,145.00,85.4000,16.00,16.00,7460496805559,2026-09-13,
Snacks salados,7460496803265,RUFFLES QUESO 120G,145.00,85.4000,20.00,20.00,7460496803265,2026-09-13,
Snacks salados,7468841250122,SEMILLA CAJUIL PUNTA RUCIA SIN SAL,245.00,142.0000,2.00,2.00,7468841250122,2026-09-13,
Snacks salados,7468841250351,SEMILLA DE CAJUIL CON SAL PUNTA RUCIA,245.00,142.0000,0.00,0.00,7468841250351,2026-09-12,
Snacks salados,7468841250269,SEMILLA DE CAJUIL PUNTA RUCIA,70.00,47.0000,30.00,30.00,7468841250269,2026-09-14,el sistema anterior le cobraba ITBIS 0%; entra al 18% incluido
Snacks salados,7461433140177,SEMILLA DE MARAÑON NAT. DYNASTY,235.00,141.0000,0.00,0.00,7461433140177,2026-02-01,
Snacks salados,7467863739936,SEMILLA DE MARAÑON NATURAL,125.00,75.0000,0.00,0.00,7467863739936,2026-03-31,
Snacks salados,7467863736966,SEMILLAS DE MARAÑON NATURAL 2.OZ.DYNASTY,125.00,73.9900,1.00,1.00,7467863736966,2026-04-02,
Snacks salados,7461433140160,SEMILLAS DE MARAÑON TOSTADAS SALADAS DYNASTY,275.00,163.0000,-1.00,0.00,7461433140160,2025-09-19,
Snacks salados,7467863737017,SEMILLAS DE MARAÑON TOSTADO 2.OZ.DYNASTY,150.00,88.0000,0.00,0.00,7467863737017,2026-04-06,
Snacks salados,7465793910456,SEÑOR NACHO SABOR A MEXICO,130.00,74.7100,4.00,4.00,7465793910456,2025-09-19,
Snacks salados,7468841250467,SUPER MIX PUNTA RUCIA,245.00,142.0000,5.00,5.00,7468841250467,2026-09-06,
Snacks salados,757528048075,TAKIS DE FUEGO 92.3G,280.00,170.0000,0.00,0.00,757528048075,2026-08-27,
Snacks salados,757528005047,TAKIS FUEGO PEQ.,70.00,30.5821,11.00,11.00,757528005047,2026-08-28,
Snacks salados,750894609505,TAQUERITOS CHILE TOREADO 180 G,160.00,91.6300,24.00,24.00,750894609505,2026-09-13,
Snacks salados,750894609499,TAQUERITOS QUESO FUSION,160.00,91.6300,4.00,4.00,750894609499,2026-09-12,
Snacks salados,028400055970,TOSTITOS CHUNKI SALSA MILD,310.00,185.3800,24.00,24.00,028400055970,2026-09-08,
Snacks salados,028400070980,TOSTITOS SALSA CON QUESO MEDIUM,325.00,182.5300,25.00,25.00,028400070980,2026-09-05,
Snacks salados,7460496805320,TOSTITOS SANTA ELENA,280.00,165.5200,12.00,12.00,7460496805320,2026-09-13,
Snacks salados,634129271074,TOSTONES CON AJO LAMS,245.00,140.6800,1.00,1.00,634129271074,2026-07-16,
Snacks salados,634129271067,TOSTONES CON LIMON LAMS,235.00,140.6800,0.00,0.00,634129271067,2026-06-21,
Snacks salados,634129271081,TOSTONES LAMS DULCE PICANTES,245.00,140.6800,0.00,0.00,634129271081,2026-08-08,
Snacks salados,634129271050,TOSTONES MADUROS LAMS,235.00,140.6800,1.00,1.00,634129271050,2026-06-24,
Snacks salados,634129271043,TOSTONES REGULAR LAMS,245.00,140.6800,5.00,5.00,634129271043,2026-06-11,
Snacks salados,750894671427,YUMMI NUTS MANI CON LIMON,20.00,8.0000,48.00,48.00,750894671427,2026-09-14,
Snacks salados,750894671007,YUMMI NUTS MANI CON LIMON 80.G,50.00,24.7100,3.00,3.00,750894671007,2026-06-28,
Snacks salados,750894671199,YUMMI NUTS MANI CON SAL,20.00,8.0000,-2.00,0.00,750894671199,2025-11-05,
Snacks salados,750894671410,YUMMI NUTS MANI CON SAL,25.00,8.0000,1.00,1.00,750894671410,2026-08-16,
Snacks salados,750894671434,YUMMI NUTS MIX,25.00,13.0000,37.00,37.00,750894671434,2026-09-15,
Snacks salados,750894610822,ZAMBOS CEVICHE,165.00,98.9600,0.00,0.00,750894610822,2026-09-06,
Snacks salados,750894607181,ZAMBOS MADURITOS,195.00,117.2900,3.00,3.00,750894607181,2026-05-14,
Snacks salados,750894600267,ZAMBOS PICOSITAS FAMILIAR,165.00,98.9600,7.00,7.00,750894600267,2026-09-11,
Snacks salados,750894602780,ZAMBOS PLATANOS ONDULADOS,185.00,107.3300,7.00,7.00,750894602780,2026-09-10,
Snacks salados,750894600717,ZAMBOS SALSA VERDE,180.00,98.9600,0.00,0.00,750894600717,2026-07-08,
Snacks salados,750894611973,ZAMBOS YUQUITAS ORIGINALES,140.00,93.0000,-1.00,0.00,750894611973,2026-04-24,
Galletas y bizcochos,1204,.PASTRY COOKIE GUAYABA Y CHOCOLATE BLANCO,210.00,125.0000,0.00,0.00,,2026-05-05,
Galletas y bizcochos,7462878688705,ALFAJONES MINI PRODUCTOS AMERIKA,200.00,140.0000,5.00,5.00,7462878688705,2026-07-05,
Galletas y bizcochos,7462878688392,AMERIKA GALLETA AL AJO,15.00,8.0000,-1.00,0.00,7462878688392,2026-06-26,
Galletas y bizcochos,7462878688354,AMERIKA GALLETA INTEGRAL CLASICA,40.00,0.0000,-1.00,0.00,7462878688354,2026-05-18,costo 1.00 de relleno en el sistema anterior: entra sin costo
Galletas y bizcochos,7462878688347,AMERIKA GALLETAS DE AJO,40.00,23.0000,-1.00,0.00,7462878688347,2026-04-18,
Galletas y bizcochos,7462810126036,BAN BAN GALLETA DE AJO PEQ.,15.00,4.0000,-1.00,0.00,7462810126036,2025-11-26,
Galletas y bizcochos,41,BIZCOCHO,40.00,18.0000,0.00,0.00,,2026-07-16,
Galletas y bizcochos,675,BROWNIE DEL ENCANTO,160.00,85.0000,0.00,0.00,,2026-03-31,
Galletas y bizcochos,578,BROWNIE ROSE,110.00,65.0000,-6.00,0.00,,2026-05-26,
Galletas y bizcochos,653981779009,BROWNIES RICURITAS,80.00,40.0000,2.00,2.00,653981779009,2026-09-14,
Galletas y bizcochos,576,CHEESECAKE BROWNIE ROSE,145.00,86.0000,-5.00,0.00,,2026-09-14,
Galletas y bizcochos,721282410102,"CHOKIS CHOCOBASE 73,5",70.00,42.0400,109.00,109.00,721282410102,2026-09-15,
Galletas y bizcochos,7622201717544,CLUB SOCIAL GALLETA,15.00,8.0000,-58.00,0.00,7622201717544,2026-09-14,
Galletas y bizcochos,7622201720032,CLUB SOCIAL INTEGRAL,15.00,8.0000,-83.00,0.00,7622201720032,2026-09-15,
Galletas y bizcochos,7622201717537,CLUB SOCIAL ORIGINAL PAQUETES,180.00,110.0000,1.00,1.00,7622201717537,,
Galletas y bizcochos,7462878688668,COQUITOS AMERIKA,190.00,110.0000,2.00,2.00,7462878688668,2026-09-14,
Galletas y bizcochos,7468235130368,COQUITOS MOLINOS DEL SOL,125.00,87.1300,-1.00,0.00,7468235130368,2026-02-25,
Galletas y bizcochos,7500478027118,CRACKETS MINI SANDWICH,60.00,35.0000,12.00,12.00,7500478027118,2026-07-19,
Galletas y bizcochos,653981779016,CUADRITOS DE LIMON RICURITAS,80.00,40.0000,9.00,9.00,653981779016,2026-09-15,
Galletas y bizcochos,721282406167,DELICIAS CLASICAS,70.00,42.0200,-9.00,0.00,721282406167,2025-11-04,
Galletas y bizcochos,7501000635245,DELICIAS DE MANTEQUILLA,40.00,24.5300,-1.00,0.00,7501000635245,2026-04-15,
Galletas y bizcochos,753079000418,DINO CHOCOLATE,20.00,9.2475,21.00,21.00,753079000418,2026-09-15,
Galletas y bizcochos,753079000425,DINO CHOCOLATE PAQUETE 12.UNID,225.00,120.0000,1.00,1.00,753079000425,,
Galletas y bizcochos,753079000456,DINO DE FRESA,20.00,9.2475,9.00,9.00,753079000456,2026-09-11,
Galletas y bizcochos,753079000470,DINO DE VANILLA,20.00,9.2475,2.00,2.00,753079000470,2026-09-12,
Galletas y bizcochos,753079000432,DINO DUPLEX,20.00,9.2475,25.00,25.00,753079000432,2026-09-12,
Galletas y bizcochos,753079000449,DINO DUPLEX PAQUETE 12.UNID,225.00,120.0000,2.00,2.00,753079000449,,
Galletas y bizcochos,753079000463,DINO FRESA PAQUETE 12.UNID,225.00,120.0000,1.00,1.00,753079000463,,
Galletas y bizcochos,653981779030,EMPANADAS DE GUAYABA RICURITAS,60.00,35.0000,5.00,5.00,653981779030,2026-09-11,
Galletas y bizcochos,7500478013609,EMPERADOR CHOCOLATE,60.00,35.0000,25.00,25.00,7500478013609,2026-09-12,
Galletas y bizcochos,076677100145,FAMOUS AMOS CHOCOLATE CHIP,45.00,30.5700,0.00,0.00,076677100145,2025-10-21,
Galletas y bizcochos,7462878688125,GALLETA DE AJO LA PALZA PEQ.,100.00,42.0000,0.00,0.00,7462878688125,2025-12-23,
Galletas y bizcochos,7462624380143,GALLETA INTEGRAL PANADERIA CIBAO,75.00,45.0000,-2.00,0.00,7462624380143,2026-06-15,el sistema anterior le cobraba ITBIS 0%; entra al 18% incluido
Galletas y bizcochos,7460602200032,GALLETA MOCANA INTEGRAL,25.00,8.5000,-57.00,0.00,7460602200032,2026-09-14,
Galletas y bizcochos,7462624380136,GALLETAS CLASICAS PANADERIA CIBAO,60.00,40.0000,-2.00,0.00,7462624380136,2026-06-28,el sistema anterior le cobraba ITBIS 0%; entra al 18% incluido
Galletas y bizcochos,7460602200094,GALLETAS CON AJO MOCANA,20.00,9.3700,-8.00,0.00,7460602200094,2026-09-15,
Galletas y bizcochos,7462878688040,GALLETAS CON OREGANO,100.00,45.0000,-1.00,0.00,7462878688040,2026-07-04,
Galletas y bizcochos,7462876880422,GALLETAS DE AJO MINIÑA,100.00,45.0000,18.00,18.00,7462876880422,2026-09-11,
Galletas y bizcochos,7462878688675,GALLETAS DE AVENA,185.00,110.0000,9.00,9.00,7462878688675,2026-09-14,
Galletas y bizcochos,1023,GALLETAS DE CHOCOLECHIPS,50.00,20.0000,-1.00,0.00,,2025-10-03,
Galletas y bizcochos,7462878688590,GALLETAS DE COCO AVENA AMERIKA,190.00,118.0000,14.00,14.00,7462878688590,2026-08-27,
Galletas y bizcochos,7462878688743,GALLETAS DE JENGIBRE,140.00,82.0000,11.00,11.00,7462878688743,2026-09-15,
Galletas y bizcochos,1219,GALLETAS DE MANTEQUILLA DELICIAS,110.00,75.0000,-27.00,0.00,,2026-04-23,
Galletas y bizcochos,7467594930145,GALLETAS INTEGRALES SAN LUIS,125.00,41.0000,-7.00,0.00,7467594930145,2025-09-22,
Galletas y bizcochos,647697659045,GALLETAS MARTIN JENGIBRE,225.00,123.7300,9.00,9.00,647697659045,2026-07-19,
Galletas y bizcochos,7460602201114,GALLETAS MOCANA (MANTECA),160.00,85.0000,0.00,0.00,7460602201114,2026-09-07,
Galletas y bizcochos,7460602201091,GALLETAS MOCANA MANTEQUILLA 175.G,100.00,40.0000,2.00,2.00,7460602201091,2026-08-26,
Galletas y bizcochos,7460602200100,GALLETAS MOCANA PA PIKAR,20.00,100.0000,-28.00,0.00,7460602200100,2026-07-08,costo mayor o igual al precio
Galletas y bizcochos,7460602200148,GALLETAS MOCANA PA PIKAR,80.00,35.0000,8.00,8.00,7460602200148,2026-09-02,
Galletas y bizcochos,7460602200872,GALLETAS MOCANAS DE AJO PEQ,15.00,8.0000,10.00,10.00,7460602200872,2026-08-13,
Galletas y bizcochos,7462878688804,GALLETAS PREMIUM AMERIKA,100.00,60.0000,-17.00,0.00,7462878688804,2026-05-17,
Galletas y bizcochos,7462878688811,GALLETAS PRIMUN DE AJO AMERIKA,100.00,60.0000,-4.00,0.00,7462878688811,2026-06-01,
Galletas y bizcochos,7467594930138,GALLETAS SAN LUIS AJO G,125.00,0.0000,-6.00,0.00,7467594930138,2025-10-18,costo 1.00 de relleno en el sistema anterior: entra sin costo
Galletas y bizcochos,7467594930060,GALLETAS SAN LUIS DE AJO PE,90.00,42.0000,2.00,2.00,7467594930060,2026-01-10,
Galletas y bizcochos,2626,GALLETAS TOSTADAS GRANDES,190.00,110.0000,5.00,5.00,,2026-07-25,
Galletas y bizcochos,7500478008926,GAMESA CHOKIS CLASICA,70.00,42.0400,98.00,98.00,7500478008926,2026-09-15,
Galletas y bizcochos,7500478013616,GAMESA EMPERADOR VAINILLA,60.00,35.0000,23.00,23.00,7500478013616,2026-09-12,
Galletas y bizcochos,7501000601738,GAMESA FLORENTINA FRESA,70.00,42.0400,98.00,98.00,7501000601738,2026-09-14,
Galletas y bizcochos,7467581603816,GUARINA LECHE GRANDE,60.00,37.0000,-5.00,0.00,7467581603816,2026-09-03,
Galletas y bizcochos,7467581603809,GUARINAS LECHE,15.00,8.8000,16.00,16.00,7467581603809,2026-08-19,
Galletas y bizcochos,031535591480,KNOTTS BERRY FARM RASPBERRY,35.00,26.2500,-1.00,0.00,031535591480,2026-04-18,
Galletas y bizcochos,7462878688989,MANTECADITOS,140.00,82.0000,-4.00,0.00,7462878688989,2026-08-18,
Galletas y bizcochos,7462878688514,MANTECADO PR AMERIKA,190.00,115.0000,8.00,8.00,7462878688514,2026-09-13,
Galletas y bizcochos,647697659069,MARTIN COCO,225.00,123.7300,6.00,6.00,647697659069,2026-07-20,
Galletas y bizcochos,7466564881159,MARTIN SUSPIRO,225.00,123.7300,4.00,4.00,7466564881159,2026-09-04,
Galletas y bizcochos,044000011703,MINI OREO CHOCOLATE,60.00,33.1920,-26.00,0.00,044000011703,2026-07-11,
Galletas y bizcochos,044000061494,MINI OREO VAINILLA,55.00,33.1920,30.00,30.00,044000061494,2026-07-17,
Galletas y bizcochos,7467515320048,MISSCOOKIE VAINILLA X6,60.00,35.0000,1.00,1.00,7467515320048,2026-06-26,
Galletas y bizcochos,7467515320062,MISSCOOKIE. COCO,50.00,35.0000,9.00,9.00,7467515320062,2026-07-05,
Galletas y bizcochos,7467515320079,MISSCOOKIE. JENGEBRE,60.00,35.0000,4.00,4.00,7467515320079,2026-07-04,
Galletas y bizcochos,072108010021,MOON PIE CHOCOLATE,50.00,30.2100,1.00,1.00,072108010021,2025-08-15,
Galletas y bizcochos,7467515320123,NY COOKIE CHOCOLATE BLANCO Y GUAYABA,230.00,150.0000,1.00,1.00,7467515320123,2025-09-22,
Galletas y bizcochos,7467515320116,NY COOKIE CHOCOLATE CHIPS Y NUTELLA,200.00,125.0000,-11.00,0.00,7467515320116,2026-03-30,
Galletas y bizcochos,7467515320178,NY COOKIE CREMA DE PISTACHO Y CHOCOLATE,350.00,225.0000,1.00,1.00,7467515320178,2026-03-21,
Galletas y bizcochos,7467515320147,NY COOKIE DULCE DE LECHE Y SPECULOS,300.00,175.0000,13.00,13.00,7467515320147,2026-02-28,
Galletas y bizcochos,044000047009,OREO 6 COOKIES,60.00,35.0283,71.00,71.00,044000047009,2026-09-14,
Galletas y bizcochos,7622201693190,OREO REGULAR TUBO 108.G,80.00,46.0700,29.00,29.00,7622201693190,2026-08-08,
Galletas y bizcochos,1201,PASTRY BROWNIE CLASICO,70.00,40.0000,-15.00,0.00,,2026-06-23,
Galletas y bizcochos,1205,PASTRY. COOKIES CREMA DE AVELLANAS,210.00,125.0000,8.00,8.00,,2026-03-30,
Galletas y bizcochos,1206,PASTRY. COOKIES DULCE DE LECHE,210.00,125.0000,-1.00,0.00,,2026-04-27,
Galletas y bizcochos,7501000634132,QUAKER AVENA FRUTAS ROJAS,45.00,25.5100,60.00,60.00,7501000634132,2026-09-11,
Galletas y bizcochos,7501000634118,QUAKER GALLETAS GRANOLA,45.00,25.5100,73.00,73.00,7501000634118,2026-09-14,
Galletas y bizcochos,680,REY DEL BROWNIE BLODE DE GUAYABA,65.00,36.7500,3.00,3.00,,2025-11-28,
Galletas y bizcochos,653981779023,RICURITAS GALLETAS DE AVENA,70.00,35.0000,22.00,22.00,653981779023,2026-09-15,
Galletas y bizcochos,044000009298,RITZ BITS CHEESE GALLETA,50.00,34.3300,11.00,11.00,044000009298,2026-09-14,
Galletas y bizcochos,7622201390013,RITZ QUESO 30G,20.00,8.0000,6.00,6.00,7622201390013,2025-08-14,
Galletas y bizcochos,7467594930022,SAN LUIS GALLETAS D ANIS,120.00,42.0000,-6.00,0.00,7467594930022,2026-02-21,
Galletas y bizcochos,7467594930046,SAN LUIS GALLETAS D HUEVO,120.00,42.0000,20.00,20.00,7467594930046,2025-11-10,
Galletas y bizcochos,6223005598592,TAW TAW PHANTOM 4X 30.GM,10.00,5.0000,-7.00,0.00,6223005598592,2025-09-24,
Galletas y bizcochos,746721770012,TRUQUITO,100.00,25.0000,0.00,0.00,746721770012,2026-08-02,
Chocolates,040000000327,CHOCOLATE M Y M AMARILLO,85.00,47.2281,104.00,104.00,040000000327,2025-10-05,
Chocolates,4011800546519,CORNY CHOCOLATE,80.00,41.3720,1.00,1.00,4011800546519,2026-04-03,
Chocolates,4011800548513,CORNY CHOCOLATE BANANA,80.00,41.3720,6.00,6.00,4011800548513,2026-07-28,
Chocolates,4011800403812,CORNY SALTED CARAMEL,80.00,41.3720,6.00,6.00,4011800403812,2026-08-29,
Chocolates,03424005,HERSHETS MILK CHOC.,110.00,60.2636,26.00,26.00,03424005,2026-09-14,
Chocolates,342410,"HERSHEY,S WHOLE ALMONDS",105.00,60.1666,35.00,35.00,,2026-06-26,
Chocolates,03424102,HERSHEYS BARRA ALMODS,110.00,60.1458,5.00,5.00,03424102,2026-08-30,
Chocolates,034000702152,HERSHEYS COOKIES N CREME,105.00,60.2636,-32.00,0.00,034000702152,2026-09-13,
Chocolates,03423909,HERSHEYS COOKIES N CREME 43.G,110.00,60.2636,77.00,77.00,03423909,2026-09-14,
Chocolates,00985234,KINDER JOY,185.00,107.0000,58.00,58.00,00985234,2026-09-12,
Chocolates,03412107,KISSES MILK CHOCOLATE,110.00,60.2050,17.00,17.00,03412107,2026-09-13,
Chocolates,034000245246,KITKAT BIGKAT,75.00,44.8400,0.00,0.00,034000245246,2026-01-28,
Chocolates,342460,KITKAT CRIPS WAFERS,80.00,47.7400,-1.00,0.00,,2026-09-06,
Chocolates,040000514480,M& M MILK CHOCOLATE,95.00,51.9980,14.00,14.00,040000514480,2026-09-13,
Chocolates,040000514510,M&M CHOCOLATE AMARILLO,90.00,51.9704,32.00,32.00,040000514510,2026-09-13,
Chocolates,040000602040,MILKYWAY,95.00,51.9702,30.00,30.00,040000602040,2026-09-14,
Chocolates,040000422068,MILKYWAY BAR,90.00,48.0000,2.00,2.00,040000422068,2026-05-28,
Chocolates,7406234001418,MINI CHOCO MANI,120.00,80.0000,-1.00,0.00,7406234001418,2026-06-16,
Chocolates,009800000753,MINI NUTELLA,125.00,59.4531,66.00,66.00,009800000753,2026-09-11,
Chocolates,009800800056,NUTELLA FERRERO & GO 1.8 OZ,215.00,129.3404,4.00,4.00,009800800056,2026-09-12,
Chocolates,04010508,SNICKERS ALMOND BAR,95.00,51.9775,20.00,20.00,04010508,2026-09-12,
Chocolates,040000514251,SNICKERS CLASICO,95.00,51.9702,28.00,28.00,040000514251,2026-09-14,
Chocolates,040000004356,TWIX COOKIE HARS,95.00,51.9713,29.00,29.00,040000004356,2026-09-11,
Chocolates,010700804228,ZERO CHOCOLATE,105.00,60.2050,1.00,1.00,010700804228,2026-07-12,
Chicles y caramelos,140692,BOLONES BLOW POP,10.00,0.0000,-2.00,0.00,,2026-04-20,costo 1.00 de relleno en el sistema anterior: entra sin costo
Chicles y caramelos,107073,BOLONES JOLLY,15.00,10.0000,-2.00,0.00,,2026-04-19,
Chicles y caramelos,7593746000180,CARAMEL POPCORN ORIGINAL,345.00,208.0000,2.00,2.00,7593746000180,2026-09-06,
Chicles y caramelos,7593746000296,CARAMEL POPCORN PEANUTS,345.00,208.0000,6.00,6.00,7593746000296,2026-09-02,
Chicles y caramelos,7593746000197,CARAMEL POPCORN RAINBOW OF FLAVORS,345.00,208.0000,7.00,7.00,7593746000197,2026-09-12,
Chicles y caramelos,310,CLORETS PEQ,2.50,2.0800,36.00,36.00,,2025-08-26,
Chicles y caramelos,02266600,DOUBLEMINT,110.00,61.4000,10.00,10.00,02266600,2026-09-11,
Chicles y caramelos,02289106,EXTRA PEPPERMINT,130.00,64.4000,0.00,0.00,02289106,2026-01-03,
Chicles y caramelos,02289902,EXTRA SPEARMINT,130.00,64.4000,-18.00,0.00,02289902,2026-06-18,
Chicles y caramelos,034856008187,GOMITAS WECHS. 22.7.GMS,30.00,12.1100,4.00,4.00,034856008187,2026-09-05,
Chicles y caramelos,7622201776459,HALL LIMON Y MIEL,30.00,13.0374,35.00,35.00,7622201776459,2026-09-14,
Chicles y caramelos,022110079806,HUBBA BUBBA CHICLES,225.00,120.0000,8.00,8.00,022110079806,2026-07-01,
Chicles y caramelos,03466506,ICE BREAKERS DUO FRUIT+COOL,260.00,156.0000,23.00,23.00,03466506,2026-08-21,
Chicles y caramelos,03484308,ICE BREAKERS ICE CUBES PEPPERMINT,495.00,273.2500,13.00,13.00,03484308,2026-09-12,
Chicles y caramelos,03484803,ICE BREAKERS ICE CUBES RASPBERRY SORBET,495.00,273.2500,0.00,0.00,03484803,2026-02-14,
Chicles y caramelos,03484706,ICE BREAKERS ICE CUBES SPERAMINT,495.00,273.2500,14.00,14.00,03484706,2026-09-13,
Chicles y caramelos,03400704,ICE BREAKERS MINTS 1.5OZ.,260.00,156.0000,23.00,23.00,03400704,2026-09-15,
Chicles y caramelos,03409802,ICE BREAKERS SOURS GDE,260.00,156.0000,22.00,22.00,03409802,2026-08-29,
Chicles y caramelos,739337205146,MENTA DE CRISTAL DE FRUTAS,150.00,90.0000,2.00,2.00,739337205146,2026-05-31,
Chicles y caramelos,739337205153,MENTA DE CRISTAL VERDE,160.00,90.0000,0.00,0.00,739337205153,2026-07-30,
Chicles y caramelos,660,MENTA DE FRUTAS,2.50,1.8300,-69.00,0.00,,2026-04-20,
Chicles y caramelos,1234,MENTAS DE GUARDIA,1.90,1.0900,-1.00,0.00,,2026-09-06,
Chicles y caramelos,75072520,MENTOS FRESH MINT,130.00,71.4460,0.00,0.00,75072520,2025-11-28,
Chicles y caramelos,073390000165,MENTOS FRUIT,60.00,16.8785,-1.00,0.00,073390000165,2026-07-26,
Chicles y caramelos,75068318,MENTOS FRUTAS,50.00,22.9775,11.00,11.00,75068318,2026-08-29,
Chicles y caramelos,75068271,MENTOS MENTA,50.00,22.9775,12.00,12.00,75068271,2026-07-10,mismo nombre que el código 78914681 de la fase 1
Chicles y caramelos,75072537,MENTOS PURE FRESH,130.00,71.4460,0.00,0.00,75072537,2025-12-19,
Chicles y caramelos,4545,PALETA DE AMOR,5.00,1.4844,-19.00,0.00,,2026-06-15,
Chicles y caramelos,686464432009,ROCK PAPER SCISSORS CANDY,110.00,67.5000,-1.00,0.00,686464432009,2025-11-06,
Chicles y caramelos,022000018465,SKITTLES ORIGINAL,85.00,47.3163,1.00,1.00,022000018465,2026-03-01,
Chicles y caramelos,009800007219,TIC TAC FRESHMINTS,155.00,91.3700,0.00,0.00,009800007219,2026-09-03,
Chicles y caramelos,009800007608,TIC TAC FRIT ADVENTURE,155.00,91.3700,22.00,22.00,009800007608,2026-09-13,
Chicles y caramelos,   7622201776664,TRIDENT AZUL PEQ,30.00,16.2600,-17.00,0.00,,2026-07-14,código con espacios; sin espacios es el de TRIDENT MENTA (fase 1): va sin código de barras
Chicles y caramelos,7622201776602,TRIDENT FRESA PEQ. 8.5 G,30.00,16.2973,5.00,5.00,7622201776602,2026-09-13,
Chicles y caramelos,7506105606077,TRIDENT VALU-PAC FRESHMINT,80.00,44.1683,-1.00,0.00,7506105606077,2026-09-08,
Chicles y caramelos,7506105606091,TRIDENT VALU-PACK BUBBLE,80.00,41.1108,1.00,1.00,7506105606091,2026-04-02,
Chicles y caramelos,7506105606053,TRIDENT VALU-PACK MENTA,80.00,44.1683,28.00,28.00,7506105606053,2026-09-15,
Chicles y caramelos,7506105606084,TRIDENT VALU-PACK SANDIA,80.00,44.1683,11.00,11.00,7506105606084,2026-09-13,
Chicles y caramelos,7506105606060,TRIDENT VALU-PACK YERBABUENA,80.00,44.1683,22.00,22.00,7506105606060,2026-09-14,
Chicles y caramelos,7622201776572,TRIDENT YERBABUENA 8.5 G,30.00,16.2973,6.00,6.00,7622201776572,2026-09-15,
Chicles y caramelos,034856028987,WELCHIS MIXED FRUIT FRIT SNACKS,145.00,84.7525,12.00,12.00,034856028987,2026-09-13,
Chicles y caramelos,034856028918,WELCHS FRUIT NSNACKS ISLAND FRUITS,145.00,84.7525,-1.00,0.00,034856028918,2026-09-12,
Chicles y caramelos,034856028925,WELCHS FRUIT SNACKS BERRYES CHERRIES,145.00,84.7525,14.00,14.00,034856028925,2026-09-14,
Dulces típicos,7468268260452,CASTILLO PAQUETE DE RASPADURA DE 4,115.00,70.0000,0.00,0.00,7468268260452,2025-09-27,el sistema anterior le cobraba ITBIS 0%; entra al 18% incluido
Dulces típicos,7464088413047,DR BANDEJA DE CANQUINA,135.00,75.0000,3.00,3.00,7464088413047,2026-08-27,
Dulces típicos,7464088413085,DR BANDEJA DE CARAMELOS,150.00,90.0000,2.00,2.00,7464088413085,2026-09-14,
Dulces típicos,7464088413023,DR BANDEJA DE COCADA,190.00,105.0000,0.00,0.00,7464088413023,2026-08-16,el sistema anterior le cobraba ITBIS 0%; entra al 18% incluido
Dulces típicos,7464088413016,DR BANDEJA DE JALAO,210.00,105.0000,-1.00,0.00,7464088413016,2026-08-28,
Dulces típicos,7464088410251,DR COCO PIÑA Y LECHE,190.00,105.0000,-2.00,0.00,7464088410251,2026-06-22,
Dulces típicos,7464088410329,DR DULCE DE CAJUIL CON LECHE,150.00,105.0000,-2.00,0.00,7464088410329,2026-08-07,
Dulces típicos,7464088413153,DR DULCE DE COCO TIERNO,270.00,170.0000,0.00,0.00,7464088413153,2026-05-31,el sistema anterior le cobraba ITBIS 0%; entra al 18% incluido
Dulces típicos,7464088410244,DR DULCE DE COCO Y LECHE,210.00,105.0000,-1.00,0.00,7464088410244,2026-07-27,
Dulces típicos,7464088410213,DR DULCE DE LECHE,210.00,105.0000,0.00,0.00,7464088410213,2026-08-14,
Dulces típicos,7464088411104,DR DULCE DE MANI,120.00,65.0000,0.00,0.00,7464088411104,2026-09-12,el sistema anterior le cobraba ITBIS 0%; entra al 18% incluido
Dulces típicos,7464088410268,DR DULCE ESTELAR,190.00,130.0000,0.00,0.00,7464088410268,2026-06-22,
Dulces típicos,7464088411173,DR DULCE TRES EN UNO,210.00,105.0000,3.00,3.00,7464088411173,2026-09-13,mismo nombre que el código 8028 de la fase 1
Dulces típicos,7464088412019,DR MILK FUDGE,250.00,110.0000,0.00,0.00,7464088412019,2026-09-08,el sistema anterior le cobraba ITBIS 0%; entra al 18% incluido
Dulces típicos,7464088413061,DR PALETAS KICO,70.00,40.0000,5.00,5.00,7464088413061,2026-08-11,
Dulces típicos,7464088413030,DR PALITOS DE COCO,130.00,75.0000,6.00,6.00,7464088413030,2026-09-04,
Dulces típicos,7464088413221,DR PALO NAVIDEÑO,210.00,125.0000,0.00,0.00,7464088413221,2026-05-25,mismo nombre que el código 8029 de la fase 1
Dulces típicos,7464088411128,DR PAQUETE DE RASPAURA,195.00,105.0000,0.00,0.00,7464088411128,2026-08-18,
Dulces típicos,7464088410275,DR PASTA DE CONCON DE LECHE,160.00,110.0000,0.00,0.00,7464088410275,2026-09-13,el sistema anterior le cobraba ITBIS 0%; entra al 18% incluido
Dulces típicos,7464088410367,DR PASTA DE NARANJA,195.00,110.0000,0.00,0.00,7464088410367,2026-09-06,mismo nombre que el código 814 de la fase 1
Dulces típicos,7464088413092,DR RASPADURA FAMILIAR,225.00,125.0000,0.00,0.00,7464088413092,2026-08-16,el sistema anterior le cobraba ITBIS 0%; entra al 18% incluido
Dulces típicos,7464088410220,DR RELLENO DE GUAYABA,210.00,105.0000,-3.00,0.00,7464088410220,2026-09-13,
Dulces típicos,7464088410237,DR RELLENO DE NARANJA,210.00,105.0000,-8.00,0.00,7464088410237,2026-08-29,
Dulces típicos,7464088413078,DR SANDWICH FAMILIAR,190.00,110.0000,0.00,0.00,7464088413078,2026-08-21,mismo nombre que el código 8027 de la fase 1
Dulces típicos,7464088411098,DR SEMAME AHONJOLI,120.00,65.0000,0.00,0.00,7464088411098,2026-09-13,el sistema anterior le cobraba ITBIS 0%; entra al 18% incluido
Dulces típicos,7464088413344,DULCE DE GUAYABA RODRIGUEZ,180.00,105.0000,8.00,8.00,7464088413344,2026-06-16,
Dulces típicos,7464088413528,DULCE GOURMET GRANDE FAMILIAR,310.00,175.0000,0.00,0.00,7464088413528,2026-09-06,
Dulces típicos,2014,MERMELADAS Y POTES DE DULCES VARIADO,200.00,125.0000,-1.00,0.00,,2026-05-05,
Dulces típicos,1202,PASTRY DULCEDE COCO,140.00,75.0000,-7.00,0.00,,2026-03-29,
Dulces típicos,7464088411142,SANDWICH ORANGE WITH,170.00,105.0000,2.00,2.00,7464088411142,2026-08-17,
Barras de proteína,016000264694,NATURE VALLEY OATS HONEY,85.00,35.0000,5.00,5.00,016000264694,2026-08-23,
Barras de proteína,016000507661,NATURE VALLEY PROTEIN,75.00,31.9400,0.00,0.00,016000507661,2026-05-08,
Barras de proteína,691535201019,SLIM BROWNIE CRUNCH,215.00,129.1700,-1.00,0.00,691535201019,2026-03-31,
Barras de proteína,691535207011,SLIM CRUCHY PEANUT BUTTER,215.00,129.1700,0.00,0.00,691535207011,2026-06-24,
Despensa,00071,AJO EN PASTA,1200.00,843.2200,8.00,8.00,,,
Despensa,12026088,AZUCAL CREMA SOBRESITOS NESCAFE,1000.00,681.0300,2.00,2.00,12026088,,
Despensa,086600708881,BUMBLE BEE FAT FREE TUNA SALADA,130.00,75.4500,17.00,17.00,086600708881,2026-08-24,
Despensa,086600707778,BUMBLE BEE TUNA SALADA,130.00,75.4500,6.00,6.00,086600707778,2026-09-02,
Despensa,074471000500,CAFE BUSTELO,600.00,650.0000,3.00,3.00,074471000500,,costo mayor o igual al precio; el sistema anterior le cobraba ITBIS 16%; entra al 18% incluido
Despensa,042625,CAT CHUP HEINZ SOBRESITOS,3.00,1.4745,2500.00,2500.00,,,
Despensa,1125,CATCHUP LINDA SOBRE,508.47,1.4700,3004.00,3004.00,,,
Despensa,735051000562,COMPOTA HEINZ DEMANZANA,60.00,34.0750,1.00,1.00,735051000562,2025-12-22,
Despensa,735051000630,COMPOTA HEINZ FRUIT,55.00,34.0750,4.00,4.00,735051000630,2026-07-21,
Despensa,7460111132251,COMPOTA MANZANA RICA,50.00,24.7300,3.00,3.00,7460111132251,2026-09-06,
Despensa,7460111132299,COMPOTAS RICA DE FRUTAS,50.00,24.7300,9.00,9.00,7460111132299,2026-09-15,
Despensa,070662030028,CUP NEODLES SOPA DE CAMARONES,75.00,45.1900,13.00,13.00,070662030028,2026-08-21,
Despensa,7467581604530,HATUEY HIERBAS Y ESPECIAS,10.00,5.8500,137.00,137.00,7467581604530,2026-05-19,
Despensa,070662096314,HOT Y SPICY CHIKEN FLAVOR SOPA,115.00,67.0903,7.00,7.00,070662096314,2026-08-18,
Despensa,750894680078,ISSIMA SOPA DE POLLO,75.00,41.0000,31.00,31.00,750894680078,2026-08-06,
Despensa,010041001263,JAJA SALCHICHAS PQ,50.00,26.1300,2.00,2.00,010041001263,2026-09-04,
Despensa,038000635700,KELLOGGS FROSTED FLAKES,160.00,94.5000,1.00,1.00,038000635700,2026-08-09,
Despensa,095,LIMON,10.00,3.0000,-13.00,0.00,,2026-08-02,
Despensa,307,LIMON ENTERO,20.00,10.0000,-12.00,0.00,,2026-09-13,
Despensa,570,MANZANA ROJA GD,40.00,22.7200,-2.00,0.00,,2026-06-21,
Despensa,572,MANZANA VERDE,55.00,33.7500,-1.00,0.00,,2026-09-03,
Despensa,12257968,NESCAFE ALEGRIA,2850.00,1769.7100,4.00,4.00,12257968,,
Despensa,1133,NESCAFE AZUCAR BLANCA,900.00,681.0300,1.00,1.00,,,
Despensa,612,NESCAFE CAFE EN GRANO,125.00,1302.7200,3.00,3.00,,,costo mayor o igual al precio
Despensa,070662030035,NISSIN CUP NEODLES SOPA POLLO Y VEGETALE,75.00,40.6073,151.00,151.00,070662030035,2026-09-14,
Despensa,750894680672,NISSIN SOPA POLLO PICANTE,75.00,44.0000,39.00,39.00,750894680672,2026-08-08,
Despensa,15003200,QUESO MOZZARELLA RICA LB,1600.00,990.0000,19.00,19.00,15003200,,
Despensa,039000086639,SALCHICHA VIENNA AZUL,90.00,53.1400,42.00,42.00,039000086639,2026-09-12,
Despensa,4632,SAZON LIQUIDO BALDOM,1000.00,983.0500,1.00,1.00,,,
Despensa,754842110105,SOPA CANTONESA,75.00,25.0000,3.00,3.00,754842110105,2026-01-16,
Despensa,754842110037,SOPA CANTONESA DE RES,60.00,25.0000,27.00,27.00,754842110037,2026-05-05,
Despensa,754842110020,SOPA CANTONESA POLLO,60.00,25.0000,30.00,30.00,754842110020,2026-09-15,
Despensa,7467581602888,SOPA MILANO SABOR CHULETA,75.00,24.5700,-1.00,0.00,7467581602888,2026-01-08,
Despensa,7467581602864,SOPA MILANO SABOR POLLO,75.00,24.7175,27.00,27.00,7467581602864,2026-08-24,
Despensa,039000086691,VIENNA SALCHICHA POLLO,90.00,53.1400,12.00,12.00,039000086691,2026-09-07,
Despensa,0325,VINAGRE GALON,150.00,114.0000,8.00,8.00,,,
Despensa,1001007,YU SOPAS ISSIMA POLLO PICANTE,75.00,41.0000,108.00,108.00,,,
Comida y helados,676,BISCOCHOS DEL ENCANTO,210.00,125.0000,7.00,7.00,,2026-09-13,
Comida y helados,531,BOLA DE YUCA,100.00,55.0000,-5.00,0.00,,2026-09-15,
Comida y helados,579,BOLA QUESO HOJA,85.00,50.0000,13.00,13.00,,2026-09-15,
Comida y helados,557,BURRITO PICADERA,60.00,58.2500,0.00,0.00,,2026-04-17,
Comida y helados,5699100160216,CHEESECAKE,120.00,115.0000,-5.00,0.00,5699100160216,2026-02-05,
Comida y helados,013087803204,CINNAMON ROLL,140.00,83.9200,60.00,60.00,013087803204,2026-09-12,
Comida y helados,2021,CLUB SANDWICH,270.00,135.0000,1.00,1.00,,2026-09-15,
Comida y helados,536,CLUB SANDWICH INTEGRAL,270.00,150.0000,3.00,3.00,,2026-09-14,
Comida y helados,3030,CROISANT DE JAMON Y QUESO,125.00,50.0000,6.00,6.00,,2026-09-15,
Comida y helados,5492,CROQUETAS,20.00,15.0000,-2.00,0.00,,2026-08-20,
Comida y helados,5699100304757,DONA GLACEADAS,120.00,48.0000,-15.00,0.00,5699100304757,2025-11-09,
Comida y helados,678,DONA RELLENA,140.00,45.0000,-28.00,0.00,,2026-08-27,
Comida y helados,679,DONAS 1,75.00,45.0000,-4.00,0.00,,2026-09-12,
Comida y helados,677,DONAS GLASEADAS,120.00,65.0000,0.00,0.00,,2026-09-13,
Comida y helados,5699100154475,DULCE FRIO,100.00,65.0000,-81.00,0.00,5699100154475,2026-09-02,
Comida y helados,671,DULCE FRIO DEL ENCANTO,100.00,55.0000,2.00,2.00,,2026-09-12,
Comida y helados,575,EMPANADAS SURTIDAS,100.00,55.0000,-2.00,0.00,,2026-09-15,
Comida y helados,7460123444311,FLAN DE LECHE,170.00,100.0000,0.00,0.00,7460123444311,2026-03-29,
Comida y helados,3333,FLAN DE NATALLY,550.00,350.0000,-6.00,0.00,,2026-06-01,
Comida y helados,1212,GELATINA,50.00,20.0000,19.00,19.00,,2026-09-15,
Comida y helados,0211130257393,GEO GEO 1.17 LB,400.00,235.0000,13.00,13.00,0211130257393,2026-09-14,
Comida y helados,581,GUAYABA CHEESECAKE BLONDIE,145.00,90.0000,1.00,1.00,,2025-10-09,
Comida y helados,670,MAJARETE DEL ENCANTO,85.00,55.0000,2.00,2.00,,2026-09-02,
Comida y helados,529,MINI SANDWICH,50.00,25.0000,-25.00,0.00,,2026-09-15,
Comida y helados,013087047226,MUFFIN CHOCOLATE CHIP,150.00,90.5700,6.00,6.00,013087047226,2026-03-12,
Comida y helados,091752001704,MUFFIN CORN INDIVIDUAL 4770,150.00,90.5700,1.00,1.00,091752001704,2026-05-01,
Comida y helados,0010,MUFI CON PASAS SUELTO 2026,100.00,60.0000,2.00,2.00,,2026-09-14,
Comida y helados,0011,MUFI DE MAIZ SUELTO 2026,100.00,60.0000,-2.00,0.00,,2026-09-15,
Comida y helados,1203,PASTRY CHOCO PASION,150.00,85.0000,-9.00,0.00,,2026-04-08,
Comida y helados,200000065003,PICADERA DE JAMON,200.00,80.0000,0.00,0.00,200000065003,2026-09-11,
Comida y helados,200000090005,PICADERA JAMON Y QUESO,200.00,120.0000,0.00,0.00,200000090005,2026-08-27,
Comida y helados,34,PICADERA QUESO,200.00,120.0000,0.00,0.00,,2026-08-14,el sistema anterior le cobraba ITBIS 0%; entra al 18% incluido
Comida y helados,596,PIZZA,100.00,40.0000,-16.00,0.00,,2026-09-13,
Comida y helados,007,PIZZA GRANDE,500.00,245.0000,0.00,0.00,,2026-09-12,
Comida y helados,3312,PIZZA MEDIANA,350.00,175.0000,0.00,0.00,,2026-09-08,
Comida y helados,672,QUESILLO DEL ENCANTO,140.00,80.0000,9.00,9.00,,2026-09-12,
Comida y helados,0672,QUESILLO NUEVO,140.00,80.0000,-15.00,0.00,,2026-09-08,
Comida y helados,580,QUESO DE HOJA GRANDE,325.00,190.0000,11.00,11.00,,2026-09-14,
Comida y helados,2039,QUESO SUPERIOR TIPO HOLANDES,350.00,215.0000,-1.00,0.00,,2025-10-20,
Comida y helados,530,QUIPE SURTIDO,100.00,55.0000,-5.00,0.00,,2026-09-15,
Comida y helados,0102,SANDWICH CUBANO,190.00,60.0000,6.00,6.00,,2026-09-12,
Comida y helados,0103,SANDWICH DE POLLO Y PIERNA,230.00,100.0000,4.00,4.00,,2026-09-11,
Comida y helados,533,SANDWICH INTEGRAL CUADRADO,120.00,60.0000,3.00,3.00,,2026-09-15,
Comida y helados,532,SANDWICH INTEGRAL PAVO,170.00,100.0000,-1.00,0.00,,2025-12-05,
Comida y helados,528,SANDWICH JAMON DE PAVO CON QUESO,120.00,50.0000,0.00,0.00,,2026-09-14,
Comida y helados,2024,SERVICIO DE CARNE SALADA,350.00,145.0000,-5.00,0.00,,2026-02-16,
Comida y helados,2026,SERVICIO DE PAPA,100.00,25.0000,-3.00,0.00,,2026-07-04,
Comida y helados,602,SOPA PREPARADAS 007,100.00,50.0000,-10.00,0.00,,2026-09-15,
Comida y helados,603,SOPAS PREPARADAS GRANDES,150.00,90.0000,-4.00,0.00,,2026-08-24,
Comida y helados,583,TRES LECHE,215.00,130.0000,-1.00,0.00,,2026-08-30,
Comida y helados,673,TRES LECHE DEL ENCANTO,275.00,135.0000,0.00,0.00,,2026-09-10,
Comida y helados,2125,TRES LECHES PICADOS PRICMER,75.00,50.0000,0.00,0.00,,2025-10-07,
Comida y helados,1028,WRAP DE JAMON Y QUESO,220.00,120.0000,10.00,10.00,,2026-09-07,
Comida y helados,1043,WRAP DE POLLO,250.00,120.0000,0.00,0.00,,2026-09-15,
Comida y helados,5050,WRAP DE POLLO CON VEGETALES,270.00,125.0000,3.00,3.00,,2026-09-13,
Helados,7468162820301,BON ALOHA FROZEN FRAMBUESA,50.00,31.2500,-2.00,0.00,7468162820301,2026-06-20,
Helados,7468162811279,BON CHOCO CHOCO CREMA PALETA,80.00,47.9896,29.00,29.00,7468162811279,2026-07-27,
Helados,7468162802321,BON CHOCO CREMA,80.00,47.9896,-6.00,0.00,7468162802321,2026-09-13,
Helados,7468162820974,BON CHOCO CREMA DULCE LECHE,80.00,47.9896,5.00,5.00,7468162820974,2026-08-24,
Helados,7468162812870,BON CHOCO CREMA MANI PALETA,80.00,47.9896,41.00,41.00,7468162812870,2026-09-12,
Helados,7468162810982,BON COCO PALETA,70.00,42.3475,23.00,23.00,7468162810982,2026-09-15,
Helados,7468162812818,BON COPA CHIPS,120.00,70.6117,14.00,14.00,7468162812818,2026-09-10,
Helados,7468162822176,BON DON ALFONSO TARRO,330.00,196.8966,4.00,4.00,7468162822176,2026-09-14,
Helados,7468162810944,BON FRAMBUESA PALETA,40.00,19.7555,6.00,6.00,7468162810944,2026-07-10,
Helados,7468162811019,BON FRESA BAR NATURAL PALETA,70.00,42.3475,-2.00,0.00,7468162811019,2026-08-17,
Helados,7468162813013,BON FRESA CREMA,70.00,42.3475,7.00,7.00,7468162813013,2026-06-06,
Helados,7468162810388,BON FRESA TARRO DE PT2,400.00,222.7800,11.00,11.00,7468162810388,2026-09-13,
Helados,7468162813761,BON FUDGE BAR BIZCOCHO,45.00,25.4166,3.00,3.00,7468162813761,2026-07-15,
Helados,7468162811712,BON FUDGE BAR CHOCOLATE PALETA,45.00,25.4166,0.00,0.00,7468162811712,2026-04-20,
Helados,7468162810562,BON HELADO DE BISCOCHO 1 TARRO,250.00,149.5050,5.00,5.00,7468162810562,2026-09-07,
Helados,7468162813594,BON HELADO ETIQUETA NEGRA BIZCOCHO,330.00,196.8966,2.00,2.00,7468162813594,2026-09-02,
Helados,7468162822183,BON MERENGUE TARRO,330.00,196.8966,1.00,1.00,7468162822183,2026-07-03,
Helados,7468162810999,BON PALETA CHINOLA,70.00,42.3475,11.00,11.00,7468162810999,2026-09-13,
Helados,7468162813020,BON PALETA CHINOLA CREMA,70.00,42.3475,-5.00,0.00,7468162813020,2026-06-12,
Helados,7468162810968,BON PALETA DE MANZANA,35.00,19.7555,20.00,20.00,7468162810968,2026-09-15,
Helados,7468162810951,BON PALETA DE UVA,30.00,16.9400,0.00,0.00,7468162810951,2025-11-21,
Helados,7468162811163,BON PALETA PIÑA COLADA,25.00,15.7010,-3.00,0.00,7468162811163,2025-09-19,
Helados,7468162813846,BON VANILLA CREAM SANDWICH,120.00,66.0416,22.00,22.00,7468162813846,2026-09-14,
Helados,7468162820615,COPA BON FRESA,120.00,70.6117,18.00,18.00,7468162820615,2026-09-13,
Helados,7468162827980,COPA BON PRISCILA,120.00,70.6117,41.00,41.00,7468162827980,2026-09-15,
Helados,7468162822893,DON ALFONSO PALETA,90.00,53.6346,-1.00,0.00,7468162822893,2026-06-07,
Helados,7468162810579,HELADO BON BIZCOCHO 2 PINTA,380.00,222.7800,0.00,0.00,7468162810579,2026-08-24,
Helados,7468162810517,HELADO BON CHOCOLATE TARRO,250.00,149.5050,4.00,4.00,7468162810517,2026-09-13,
Helados,7468162810371,HELADO BON FRESA TARRO,250.00,149.5050,4.00,4.00,7468162810371,2026-09-15,
Helados,7468162811057,HELADO BON MACADAMIA PINTA,330.00,196.8966,1.00,1.00,7468162811057,2026-09-15,
Helados,7468162811798,HELADO BON RON PASAS TARRO,250.00,149.5050,4.00,4.00,7468162811798,2026-09-11,
Helados,7468162810494,HELADO BON VAINILLA 2.PINTA,400.00,222.7000,2.00,2.00,7468162810494,2026-09-13,
Helados,7468162810746,HELADO BON VAINILLA IMPERIAL PINTA,330.00,196.8966,4.00,4.00,7468162810746,2026-08-28,
Helados,7468162810487,HELADO BON VAINILLA TARRO,250.00,149.5050,10.00,10.00,7468162810487,2026-09-07,
Helados,7506306415775,MAGNUM ALMENDRAS,160.00,96.1280,-13.00,0.00,7506306415775,2026-09-14,
Helados,7506306416079,MAGNUM ALMENDRAS CHOCO BLANCO,160.00,96.1280,23.00,23.00,7506306416079,2026-07-20,
Helados,7506306415799,MAGNUM CLASICA,160.00,96.1280,26.00,26.00,7506306415799,2026-09-14,
Helados,7506306418066,MAGNUM COOKIE REMIX,160.00,96.1280,9.00,9.00,7506306418066,2026-09-13,
Helados,7506306413320,MAGNUN COOKIES CREAM,160.00,96.1200,25.00,25.00,7506306413320,2025-03-17,
Helados,7506306417571,MORDISCO,110.00,66.2291,-30.00,0.00,7506306417571,2026-09-12,
Helados,7501130901050,MORDISKO CLASIKO,115.00,66.2291,34.00,34.00,7501130901050,2026-09-12,
Helados,7468162813501,PALETA CHERRY,35.00,19.7555,1.00,1.00,7468162813501,2026-09-13,
Helados,7468162813518,PALETA MORA,35.00,19.7555,18.00,18.00,7468162813518,2026-09-05,
Helados,7468162823043,PALETAS BON ICE,45.00,25.4166,-1.00,0.00,7468162823043,2026-08-05,
Helados,7468162810524,TARRO CHOCOLATE PT2,400.00,222.7800,3.00,3.00,7468162810524,2026-08-27,
Cigarrillos y tabaco,640746410093,"CIMARRON ROBUSTO.5*54,20.S",385.00,205.0000,20.00,20.00,640746410093,,
Cigarrillos y tabaco,1024,CORTADOR DE SIGARROS PLATICOS NEGRO OVALADO,280.00,100.0000,6.00,6.00,,2026-08-06,
Cigarrillos y tabaco,74209934,DUNHILL SWITCH 10S,185.00,110.7200,-16.00,0.00,74209934,2025-12-18,
Cigarrillos y tabaco,74209514,DUNHILL SWITCH GDE,395.00,237.3730,19.00,19.00,74209514,2026-09-10,
Cigarrillos y tabaco,7502273850366,ENCENDEDORA CLIPPER PEQ,65.00,25.4240,20.00,20.00,7502273850366,2026-09-13,
Cigarrillos y tabaco,7465603161535,LA AURORA BELICOSO MADURO CIGARROS,390.00,209.0000,2.00,2.00,7465603161535,2026-08-06,
Cigarrillos y tabaco,689674102540,MACANUDO CIGARROS,575.00,309.5000,-1.00,0.00,689674102540,2026-07-04,
Cigarrillos y tabaco,7460985109304,MARLBORO ARTESANAL ICE MIX PEQ,160.00,86.2300,0.00,0.00,7460985109304,2026-05-27,
Cigarrillos y tabaco,7460836508218,MARLBORO FRESH ICE 20C.,420.00,251.8300,0.00,0.00,7460836508218,2026-05-02,
Cigarrillos y tabaco,7460985108413,MARLBORO GOLD GDE,440.00,266.9500,1.00,1.00,7460985108413,2026-09-09,
Cigarrillos y tabaco,7460985108420,MARLBORO GOLD PEQ,225.00,133.4700,5.00,5.00,7460985108420,2026-08-29,
Cigarrillos y tabaco,74601462,MARLBORO NORMAL GDE.,440.00,266.9500,6.00,6.00,74601462,2026-09-11,
Cigarrillos y tabaco,74601172,MARLBORO ROJO PEQ.,210.00,133.4700,21.00,21.00,74601172,2026-09-07,
Cigarrillos y tabaco,7460985107928,NACIONAL GDE.,350.00,212.0000,8.00,8.00,7460985107928,2026-09-10,
Cigarrillos y tabaco,7460985107942,NACIONAL PEQ,190.00,113.4700,11.00,11.00,7460985107942,2026-08-20,
Cigarrillos y tabaco,7421000501336,NEWPORT FREEZING POINT GD,390.00,235.9322,14.00,14.00,7421000501336,2026-09-14,
Cigarrillos y tabaco,7421000501350,NEWPORT FREEZING POINT PQ,195.00,117.9666,-4.00,0.00,7421000501350,2026-08-12,
Cigarrillos y tabaco,74201334,NEWPORT VERDE GDE.12MG,395.00,235.9322,20.00,20.00,74201334,2026-09-10,
Cigarrillos y tabaco,74201532,NEWPORT VERDE PEQ.,190.00,117.9666,-6.00,0.00,74201532,2026-09-04,
Cigarrillos y tabaco,071610524958,OMAR ORTEZ CONNECTICUT CIGARROS,415.00,240.0000,7.00,7.00,071610524958,2026-08-22,
Cigarrillos y tabaco,7421000598411,PALL MALL ALASKA,160.00,94.7460,6.00,6.00,7421000598411,2026-08-28,
Cigarrillos y tabaco,74209460,PALL MALL MENTOL,150.00,69.0800,6.00,6.00,74209460,2026-09-12,
Cigarrillos y tabaco,7421000594642,PALL MALL MIAMI PEQ.,150.00,94.7460,3.00,3.00,7421000594642,2026-09-03,
Cigarrillos y tabaco,7421000594666,PALL MALL MYKONOS PEQ,150.00,94.7460,7.00,7.00,7421000594666,2026-09-13,
Cigarrillos y tabaco,74209453,PALL MALL ROJA,110.00,69.0800,10.00,10.00,74209453,2026-09-04,
Cigarrillos y tabaco,7421000594628,PALLMALL TOKYO PEQ,150.00,94.7460,7.00,7.00,7421000594628,2026-08-28,
Cigarrillos y tabaco,7465603183629,PRINCIPE BROWN,50.00,25.0000,5.00,5.00,7465603183629,2026-08-11,
Cigarrillos y tabaco,7465603183834,PRINCIPE BROWN CHICO,50.00,25.0000,16.00,16.00,7465603183834,2026-08-11,
Cigarrillos y tabaco,7465603183643,PRINCIPE CARIBE,50.00,25.0000,0.00,0.00,7465603183643,2026-08-11,
Cigarrillos y tabaco,7465603183681,PRINCIPE CHICO BROWN,50.00,24.7000,-17.00,0.00,7465603183681,2026-07-31,
Cigarrillos y tabaco,7465603188266,TAINO MADURO ROBUSTO,280.00,106.0000,5.00,5.00,7465603188266,2026-09-06,
Cigarrillos y tabaco,7460985109076,TEREA AZUL OSCURO,385.00,230.2272,2.00,2.00,7460985109076,2026-06-13,
Cigarrillos y tabaco,7460985109083,TEREA AZULCLARO,330.00,237.2900,0.00,0.00,7460985109083,2026-03-23,
Cigarrillos y tabaco,7460985109366,TEREA CLACIER PERL,350.00,238.0000,0.00,0.00,7460985109366,2025-09-24,
Cigarrillos y tabaco,7460985109021,TEREA DORADA,330.00,237.2900,0.00,0.00,7460985109021,2026-01-11,
Cigarrillos y tabaco,7460985109038,TEREA MARRON,385.00,230.2272,0.00,0.00,7460985109038,2026-08-14,
Cigarrillos y tabaco,7460985109106,TEREA MORADA,385.00,230.2272,4.00,4.00,7460985109106,2025-09-20,
Cigarrillos y tabaco,7460985109052,TEREA ROJA,385.00,230.2272,4.00,4.00,7460985109052,2026-08-27,
Cigarrillos y tabaco,7460985109069,TEREA YELLOW,385.00,230.2272,4.00,4.00,7460985109069,2026-04-12,
Cigarrillos y tabaco,7311250045462,ZIN BLACK CHERRY MEDIUM,400.00,215.0000,6.00,6.00,7311250045462,2026-09-11,
Cigarrillos y tabaco,7311250045479,ZIN BLACK CHERRY STRONG,400.00,215.0000,2.00,2.00,7311250045479,2026-09-12,
Cigarrillos y tabaco,7311250045417,ZIN COOL MINT STRONG,400.00,215.0000,0.00,0.00,7311250045417,2026-09-04,
Cigarrillos y tabaco,7311250045400,ZYN COOL MINT MEDIUM,400.00,215.0000,6.00,6.00,7311250045400,2026-08-03,
Cigarrillos y tabaco,7311250045424,ZYN SPEARMINT MEDIUM,400.00,215.0000,4.00,4.00,7311250045424,2026-08-31,
Cigarrillos y tabaco,7311250045431,ZYN SPEARMINT STRNG,400.00,215.0000,2.00,2.00,7311250045431,2026-09-04,
Vapes,7406135040219,VEEV NOW BLUE MINT,850.00,420.0000,9.00,9.00,7406135040219,2026-09-11,
Vapes,7406135040226,VEEV NOW BLUE RASPBERRY,850.00,420.0000,-15.00,0.00,7406135040226,2026-08-20,
Vapes,7406135040264,VEEV NOW BLUEBERRY,850.00,495.0000,0.00,0.00,7406135040264,2025-09-28,
Vapes,7406135043166,VEEV NOW BLUEBERRY.8000.PUFFS,1200.00,603.7300,0.00,0.00,7406135043166,2026-02-14,
Vapes,7406135040240,VEEV NOW STRAWBERRY,850.00,495.0000,0.00,0.00,7406135040240,2025-09-20,
Vapes,7406135040233,VEEV NOW WATERMELO,850.00,420.0000,-13.00,0.00,7406135040233,2026-08-28,
Vapes,7406135043111,"VEEV NOW.BLUE MINT.8000,PUFFS",1200.00,603.7300,0.00,0.00,7406135043111,2025-12-17,
"Farmacia, higiene y hogar",7460951309509,ACETAMINOFEN,10.00,4.0000,204.00,204.00,7460951309509,2026-09-10,
"Farmacia, higiene y hogar",7464030842260,ALGHO SINUS,90.00,43.4200,51.00,51.00,7464030842260,2026-09-14,
"Farmacia, higiene y hogar",7464030842420,ALGHOS ULTRA,75.00,30.0000,34.00,34.00,7464030842420,2026-09-13,
"Farmacia, higiene y hogar",011418386891,ALKA-SELTZER AZUL,25.00,16.0000,1.00,1.00,011418386891,2025-07-20,
"Farmacia, higiene y hogar",011418462823,ALKA-SELTZER EXTREME BOOST,70.00,37.0000,47.00,47.00,011418462823,2026-09-15,
"Farmacia, higiene y hogar",7460951317412,AMPICILINA 1000,15.00,7.9000,58.00,58.00,7460951317412,2026-08-13,
"Farmacia, higiene y hogar",607766777841,BABY WIPES PRICE SMART,350.00,184.0000,0.00,0.00,607766777841,2025-11-28,
"Farmacia, higiene y hogar",7468572200175,CUCHARAS,50.00,20.0000,0.00,0.00,7468572200175,2026-04-06,
"Farmacia, higiene y hogar",7460951308069,DICLOFENAC-100,15.00,3.0000,-40.00,0.00,7460951308069,2026-09-12,
"Farmacia, higiene y hogar",7460951312387,DICLOFEX FORTE,15.00,6.5000,-2.00,0.00,7460951312387,2026-05-06,
"Farmacia, higiene y hogar",067981087970,DUREX AIR,280.00,157.9533,7.00,7.00,067981087970,2026-09-13,
"Farmacia, higiene y hogar",302340995597,DUREX ALOE VERA,860.00,460.0500,0.00,0.00,302340995597,2026-07-06,
"Farmacia, higiene y hogar",302340129008,DUREX EXTRA SENSITIVE,280.00,157.9533,10.00,10.00,302340129008,2026-09-09,
"Farmacia, higiene y hogar",302340995993,DUREX INTENSE,280.00,157.9533,0.00,0.00,302340995993,2026-09-05,
"Farmacia, higiene y hogar",302340096584,DUREX INTENSE SANSATION,280.00,157.9533,9.00,9.00,302340096584,2026-09-14,
"Farmacia, higiene y hogar",302340302227,DUREX PLAY ALLURE,1260.00,761.2500,0.00,0.00,302340302227,2026-06-06,
"Farmacia, higiene y hogar",302340300421,DUREX PLEASURE PACK,260.00,140.8000,0.00,0.00,302340300421,2026-06-21,
"Farmacia, higiene y hogar",067981957525,DUREX PLEASURE RING,700.00,414.7500,2.00,2.00,067981957525,2026-07-02,
"Farmacia, higiene y hogar",302340894555,DUREX REAL FEEL NON LATEX,260.00,140.8000,6.00,6.00,302340894555,2026-06-24,
"Farmacia, higiene y hogar",302340090001,DUREX TROPICAL FLAVORS,280.00,157.9533,6.00,6.00,302340090001,2026-09-05,
"Farmacia, higiene y hogar",302340300452,DUREX XXL EXTRA LARGE,280.00,157.9533,8.00,8.00,302340300452,2026-09-04,
"Farmacia, higiene y hogar",302340995573,DUREXJUICY PLAY,650.00,372.0900,1.00,1.00,302340995573,2026-04-02,
"Farmacia, higiene y hogar",736372551597,INTIMATE TEXTURIZADOS,215.00,120.0000,3.00,3.00,736372551597,2025-09-05,
"Farmacia, higiene y hogar",736372551603,INTIMATE ULTRA SENSITIVO,215.00,120.0000,0.00,0.00,736372551603,2026-03-11,
"Farmacia, higiene y hogar",2020,JALEA DEL AMOR,500.00,300.0000,1.00,1.00,,2026-05-15,
"Farmacia, higiene y hogar",546513215611,MIEL DE AMOR PARA MUJER,280.00,166.6700,20.00,20.00,546513215611,2026-09-01,
"Farmacia, higiene y hogar",546513215642,MIEL DEL AMOR,280.00,167.0000,37.00,37.00,546513215642,2026-09-14,
"Farmacia, higiene y hogar",4444,NECTAR DEL AMOR,100.00,35.4100,10.00,10.00,,2026-01-11,
"Farmacia, higiene y hogar",020909010009,NECTAR DEL AMOR,100.00,35.0000,-10.00,0.00,020909010009,2026-01-18,
"Farmacia, higiene y hogar",7466018672029,NEVERA FOAM 10L CON ASA,550.00,296.6100,0.00,0.00,7466018672029,2026-09-07,
"Farmacia, higiene y hogar",7466018672036,NEVERA FOAM 20L CON ASA,650.00,364.4100,-1.00,0.00,7466018672036,2026-09-10,
"Farmacia, higiene y hogar",OMEPRAZOL 40.MG,OMEPRAZOL .40MG. NUEVO,25.00,6.0000,148.00,148.00,,2026-09-10,
"Farmacia, higiene y hogar",7460951308397,OMEPRAZOL 40.MG,25.00,12.0000,50.00,50.00,7460951308397,2026-09-14,
"Farmacia, higiene y hogar",18906143150147,OMEPRAZOL DE 20.M.G,25.00,3.0000,153.00,153.00,18906143150147,2026-07-31,
"Farmacia, higiene y hogar",7468572207143,PLATOS LLANOS,125.00,60.0000,8.00,8.00,7468572207143,2026-09-12,
"Farmacia, higiene y hogar",7468999184874,REFRIDOL PASTILLA,40.00,19.0000,8.00,8.00,7468999184874,2026-08-15,
"Farmacia, higiene y hogar",7468999190639,RESFRIDOL PASTILLA,25.00,13.0000,-9.00,0.00,7468999190639,2026-05-26,
"Farmacia, higiene y hogar",7468999180463,RESFRIDOL TE ANTIGRIPAL 25SOBRE,60.00,31.0800,-6.00,0.00,7468999180463,2026-09-14,
"Farmacia, higiene y hogar",74410187,SAL ANDREWS 218G,40.00,14.0000,49.00,49.00,74410187,2026-06-07,el sistema anterior le cobraba ITBIS 0%; entra al 18% incluido
"Farmacia, higiene y hogar",2019,SERVILLETA PAQUETE,200.00,105.9320,-2.00,0.00,,2026-03-27,
"Farmacia, higiene y hogar",7468355587653,SERVILLETA PQ.,60.00,25.0000,20.00,20.00,7468355587653,2026-09-12,
"Farmacia, higiene y hogar",7465668558301,SILDENAFIL 100MG,50.00,8.8600,11.00,11.00,7465668558301,2025-07-06,
"Farmacia, higiene y hogar",7460951313254,SILDENAFIL CITRATO DF 100.M.G,75.00,25.0000,91.00,91.00,7460951313254,2026-03-21,
"Farmacia, higiene y hogar",6935011610174,SUPER 100 NEW 24 ROLLO,95.00,733.0000,-1.00,0.00,6935011610174,2026-03-13,costo mayor o igual al precio
"Farmacia, higiene y hogar",7464405157043,TOALLA MARON MICRODRY,60.00,35.5900,27.00,27.00,7464405157043,2026-03-30,
"Farmacia, higiene y hogar",75916565,VAPORUB 12G,55.00,39.1100,-1.00,0.00,75916565,2026-06-16,
"Farmacia, higiene y hogar",7460234550024,VASO #7,80.00,25.0000,-1.00,0.00,7460234550024,2026-04-01,
"Farmacia, higiene y hogar",7460234530057,VASOS FOAM #16,225.00,85.0000,0.00,0.00,7460234530057,2026-09-07,
"Farmacia, higiene y hogar",7460834360801,VASOS PLASTICOS 7 ONZ,70.00,30.5100,0.00,0.00,7460834360801,2026-08-21,
"Farmacia, higiene y hogar",7451079003691,WINASORB GRIPE MULTI-SINTOMAS,60.00,36.0000,10.00,10.00,7451079003691,2026-06-08,
"Farmacia, higiene y hogar",7451079003554,WINASORB ULTRA,55.00,24.7500,66.00,66.00,7451079003554,2026-09-14,
"Farmacia, higiene y hogar",7451079003202,WINASORD MULTI-SINTOMAS,25.00,12.9100,-4.00,0.00,7451079003202,2026-06-03,
"Farmacia, higiene y hogar",7451079003417,WINASORD ULTRA,30.00,18.1700,-32.00,0.00,7451079003417,2026-08-06,
Automotriz,2000000328676,AGUA DESTILADA ATLAN 32.OZ,40.00,16.0000,-2.00,0.00,2000000328676,2026-04-10,
Automotriz,4718403046636,AMBIENTADOR HOJA GOLDEN STATE,195.00,117.8000,8.00,8.00,4718403046636,2026-09-11,
Automotriz,4718403046643,AMBIENTADOR HOJA ICE,195.00,117.8000,0.00,0.00,4718403046643,2026-01-18,
Automotriz,4718403046629,AMBIENTADOR HOJA LAVANDA,195.00,117.8000,2.00,2.00,4718403046629,2026-09-13,
Automotriz,4718403052132,AROMATE AIRE LAVENDER,310.00,185.5900,1.00,1.00,4718403052132,2026-06-09,
Automotriz,4718403043505,AROMATE AIRE VAINILLA,310.00,185.5900,1.00,1.00,4718403043505,2026-06-12,
Automotriz,4718403041150,AROMATE LUXY CHERRY,340.00,201.6900,4.00,4.00,4718403041150,2026-08-22,
Automotriz,4718403041167,AROMATE LUXY SPORTY,340.00,201.6900,9.00,9.00,4718403041167,2026-09-05,
Automotriz,4718403041327,AROMATE LUXY STRAWBERRY,340.00,201.6900,5.00,5.00,4718403041327,2026-09-07,
Automotriz,4718403041174,AROMATE WILD BERRY,340.00,201.6900,1.00,1.00,4718403041174,2026-09-04,
Automotriz,4718403052194,AROMATE WOODEN GOLDEN 7 ML,310.00,185.5900,0.00,0.00,4718403052194,2026-05-19,
Automotriz,4718403052187,AROMATE WOODEN GOLDEN STATE,310.00,185.5900,-1.00,0.00,4718403052187,2026-06-05,
Automotriz,55,CORREA ROULUNDS 1A1370,90.00,61.0000,-2.00,0.00,,2026-07-27,
Automotriz,6944259810529,GETSU SILICONE LIMON,150.00,0.0000,-1.00,0.00,6944259810529,2026-08-13,
Automotriz,74630117320003,LAFA TAPA DE RADIADOR,100.00,44.0000,-1.00,0.00,74630117320003,2025-10-13,
Automotriz,1,LANILLA P/CRISTALES,65.00,40.0000,-2.00,0.00,,2026-02-12,
Automotriz,7461011100548,LIMPIA CRISTAL WINDSHIELD WASHER,300.00,180.0000,6.00,6.00,7461011100548,,
Automotriz,15,LUBE FILTER LP-2256,140.00,10.0000,45.00,45.00,,2013-07-17,
Automotriz,2,MOTOR OIL 2T,70.00,25.0000,-4.00,0.00,,2026-06-07,
Automotriz,030644160099,PIEDRA AROMA SAPIN / PINO,125.00,66.0000,-1.00,0.00,030644160099,2026-04-19,
Automotriz,076171170378,PINITO ANTI TABACO,100.00,55.9300,1.00,1.00,076171170378,2026-09-10,
Automotriz,076171105745,PINITO AZUL,100.00,57.6300,29.00,29.00,076171105745,2026-08-19,
Automotriz,076171101556,PINITO BLACK ICE,100.00,57.6300,3.00,3.00,076171101556,2026-09-09,
Automotriz,076171103383,PINITO CINNAMON APPLE,100.00,57.6300,21.00,21.00,076171103383,2026-08-31,
Automotriz,076171103178,PINITO COCONUT,100.00,57.6300,33.00,33.00,076171103178,2026-09-07,
Automotriz,076171102102,PINITO GOLD,100.00,57.6300,28.00,28.00,076171102102,2026-09-12,
Automotriz,076171102904,PINITO LEATHER,100.00,57.6300,44.00,44.00,076171102904,2026-08-28,
Automotriz,076171101891,PINITO NEW CAR SCENT,100.00,57.6300,66.00,66.00,076171101891,2026-09-13,
Automotriz,076171103123,PINITO STRAWBERRY,100.00,57.6300,22.00,22.00,076171103123,2026-09-08,
Automotriz,076171101051,PINITO VANILLAROMA,100.00,57.6300,41.00,41.00,076171101051,2026-09-04,
Souvenirs y regalos,RM.2,ARREGLO DE ANDEJA PARA MAMA #2,2200.00,1125.0000,1.00,1.00,,,
Souvenirs y regalos,RM.1,ARREGLO TIPO BANDEJA #1,1800.00,1050.0000,0.00,0.00,,2026-06-14,
Souvenirs y regalos,202614,BADEJAS DE SAN VALETIN,1700.00,1010.0000,0.00,0.00,,2026-02-15,
Souvenirs y regalos,200214,BANDEJA DE SAN VALENTIN,2700.00,1780.0000,1.00,1.00,,2026-02-14,
Souvenirs y regalos,1222,DOMINOS DOMINICANOS,650.00,375.0000,2.00,2.00,,2026-09-11,
Souvenirs y regalos,1108,DURAG REP. DOM.,245.00,100.0000,9.00,9.00,,2026-07-26,
Souvenirs y regalos,1019,GORRAS EST DOMINICANO,450.00,210.0000,13.00,13.00,,2026-09-05,el sistema anterior le cobraba ITBIS 0%; entra al 18% incluido
Souvenirs y regalos,7453089263393,GORROS DE PLAYAS PARA DAMAS,1285.00,750.0000,2.00,2.00,7453089263393,,
Souvenirs y regalos,2514821000333,GORROS DE PLAYAS PARA DAMAS,1285.00,750.0000,2.00,2.00,2514821000333,,
Souvenirs y regalos,2514821000319,GORROS DE PLAYAS PARA DAMAS,1285.00,750.0000,0.00,0.00,2514821000319,2026-09-12,
Souvenirs y regalos,2312124242418,GORROS PEQUEÑOS DE PLAYAS,825.00,475.0000,5.00,5.00,2312124242418,2026-09-12,
Souvenirs y regalos,1322,GUIRA NIQUEL #3..(10X12),675.00,350.0000,2.00,2.00,,2026-08-30,
Souvenirs y regalos,1327,GUIRAS 2.9*9.,375.00,85.0000,3.00,3.00,,,
Souvenirs y regalos,1383,MAGNETOS ESTILOS DOMINICANOS,200.00,70.0000,11.00,11.00,,2026-08-29,
Souvenirs y regalos,1283,MAMAJUANA BEEPER EN CUERO,265.00,100.0000,7.00,7.00,,2026-09-05,
Souvenirs y regalos,1282,MAMAJUANA CHATA EN CUERO,325.00,135.0000,6.00,6.00,,2026-09-05,
Souvenirs y regalos,1281,MAMAJUANA LITRO EN CUERO,475.00,170.0000,5.00,5.00,,2026-09-05,
Souvenirs y regalos,1285,MARACAS FORCLORICAS,425.00,145.0000,4.00,4.00,,2026-09-13,
Souvenirs y regalos,1610,MU;ECA DE PORCELANA ESPECIAL,295.00,160.0000,12.00,12.00,,,
Souvenirs y regalos,1453,MUÑECAS DE BARRO,225.00,100.0000,-5.00,0.00,,2026-08-31,
Souvenirs y regalos,03,POSUELOS DE SAN VALENTIN,275.00,180.0000,-6.00,0.00,,2026-02-16,
Souvenirs y regalos,2108,POSUELOS DOMINICANOS,225.00,65.0000,6.00,6.00,,2026-07-19,
Souvenirs y regalos,1897,TAMBORA EST DOMINICANO,480.00,195.0000,2.00,2.00,,2026-08-16,
Souvenirs y regalos,2206125508010,TAZA CON CUCHAS ESTILO BANDERA,475.00,225.0000,0.00,0.00,2206125508010,2026-08-27,
Souvenirs y regalos,1185,TAZA CON MAPA DE R.D,235.00,75.0000,4.00,4.00,,,
Souvenirs y regalos,02,TAZAS CON CHOCOLATES PARA MAMA,380.00,225.0000,1.00,1.00,,2026-09-02,
Souvenirs y regalos,699038033078,TERMO DECORADO,185.00,144.0800,-1.00,0.00,699038033078,2026-01-06,
Souvenirs y regalos,4402270523023,VASO TERMICO CON AZA REP. DOM,675.00,255.0000,0.00,0.00,4402270523023,2026-08-07,
Souvenirs y regalos,1307,VASO TERMICO REP. DOM,675.00,290.0000,5.00,5.00,,2026-09-03,
Misceláneos,677916825197,CHOPIN PARA VINO,100.00,23.0000,-1.00,0.00,677916825197,2025-12-11,
Misceláneos,1080,CORDON LLAVERO BANDERA R.D,150.00,65.0000,1.00,1.00,,2026-08-28,
Misceláneos,4402026022831,DESTAPADOR ENFOMA DE CERVEZA,325.00,65.0000,7.00,7.00,4402026022831,2026-09-14,
Misceláneos,4402270709014,LLAVERO DE BASEBOLL,225.00,65.0000,-4.00,0.00,4402270709014,2026-08-23,
Misceláneos,1914,LLAVERO METAL CM429,200.00,55.0000,28.00,28.00,,2026-09-07,
Misceláneos,1131,LLAVERO METAL DESTAPADOR BANDERA,150.00,55.0000,14.00,14.00,,2026-09-11,
Misceláneos,309,ORANGE TARJETA $ 150.00,150.00,141.0000,-1.00,0.00,,2025-10-02,
Misceláneos,6971268320114,THERMO PEQUEÑO,455.00,275.0000,2.00,2.00,6971268320114,2026-05-07,
